$ bun run build:rust && vitest run --config vitest.config.ts
$ cargo test --workspace --no-run && cargo build -p photoctl-image && node scripts/package-native.mjs
warning: libraw-sys@0.22.2: ranlib: warning: 'libphotoctl_libraw.a(8dc2014eb62c13dc-rawspeed_glue.o)' has no symbols
warning: libraw-sys@0.22.2: ranlib: warning: 'libphotoctl_libraw.a(8dc2014eb62c13dc-rawspeed_glue.o)' has no symbols
warning: libraw-sys@0.22.2: ranlib: warning: 'libphotoctl_libraw.a(8dc2014eb62c13dc-rawspeed_glue.o)' has no symbols
warning: libraw-sys@0.22.2: ranlib: warning: 'libphotoctl_libraw.a(e1b66968ee936791-apply_profile.o)' has no symbols
warning: libraw-sys@0.22.2: ranlib: warning: 'libphotoctl_libraw.a(c2d802da71f94854-x3f_parse_process.o)' has no symbols
warning: libraw-sys@0.22.2: ranlib: warning: 'libphotoctl_libraw.a(c2d802da71f94854-x3f_utils_patched.o)' has no symbols
warning: libraw-sys@0.22.2: ranlib: warning: 'libphotoctl_libraw.a(8dc2014eb62c13dc-rawspeed_glue.o)' has no symbols
warning: libraw-sys@0.22.2: ranlib: warning: 'libphotoctl_libraw.a(e1b66968ee936791-apply_profile.o)' has no symbols
warning: libraw-sys@0.22.2: ranlib: warning: 'libphotoctl_libraw.a(c2d802da71f94854-x3f_parse_process.o)' has no symbols
warning: libraw-sys@0.22.2: ranlib: warning: 'libphotoctl_libraw.a(c2d802da71f94854-x3f_utils_patched.o)' has no symbols
   Compiling photoctl-image v0.1.0 (/Users/david/dev/photoctl/crates/photoctl-image)
warning: struct `PixelFrameTransform` is never constructed
  --> crates/photoctl-image/src/resample.rs:17:12
   |
17 | pub struct PixelFrameTransform {
   |            ^^^^^^^^^^^^^^^^^^^
   |
   = note: `#[warn(dead_code)]` (part of `#[warn(unused)]`) on by default

warning: struct `FrameTransform` is never constructed
  --> crates/photoctl-image/src/resample.rs:23:8
   |
23 | struct FrameTransform {
   |        ^^^^^^^^^^^^^^

warning: function `project_supported_rgb_pixels` is never used
  --> crates/photoctl-image/src/resample.rs:58:8
   |
58 | pub fn project_supported_rgb_pixels(
   |        ^^^^^^^^^^^^^^^^^^^^^^^^^^^^

warning: struct `SupportedProjectionTask` is never constructed
   --> crates/photoctl-image/src/resample.rs:101:12
    |
101 | pub struct SupportedProjectionTask {
    |            ^^^^^^^^^^^^^^^^^^^^^^^

warning: `photoctl-image` (lib test) generated 4 warnings
    Finished `test` profile [unoptimized + debuginfo] target(s) in 1.68s
  Executable unittests src/lib.rs (target/debug/deps/libraw_sys-be1c24c7e71726e2)
  Executable unittests src/lib.rs (target/debug/deps/photoctl_image-bea3c8914cb0532b)
warning: libraw-sys@0.22.2: ranlib: warning: 'libphotoctl_libraw.a(8dc2014eb62c13dc-rawspeed_glue.o)' has no symbols
warning: libraw-sys@0.22.2: ranlib: warning: 'libphotoctl_libraw.a(8dc2014eb62c13dc-rawspeed_glue.o)' has no symbols
warning: libraw-sys@0.22.2: ranlib: warning: 'libphotoctl_libraw.a(8dc2014eb62c13dc-rawspeed_glue.o)' has no symbols
warning: libraw-sys@0.22.2: ranlib: warning: 'libphotoctl_libraw.a(e1b66968ee936791-apply_profile.o)' has no symbols
warning: libraw-sys@0.22.2: ranlib: warning: 'libphotoctl_libraw.a(c2d802da71f94854-x3f_parse_process.o)' has no symbols
warning: libraw-sys@0.22.2: ranlib: warning: 'libphotoctl_libraw.a(c2d802da71f94854-x3f_utils_patched.o)' has no symbols
warning: libraw-sys@0.22.2: ranlib: warning: 'libphotoctl_libraw.a(8dc2014eb62c13dc-rawspeed_glue.o)' has no symbols
warning: libraw-sys@0.22.2: ranlib: warning: 'libphotoctl_libraw.a(e1b66968ee936791-apply_profile.o)' has no symbols
warning: libraw-sys@0.22.2: ranlib: warning: 'libphotoctl_libraw.a(c2d802da71f94854-x3f_parse_process.o)' has no symbols
warning: libraw-sys@0.22.2: ranlib: warning: 'libphotoctl_libraw.a(c2d802da71f94854-x3f_utils_patched.o)' has no symbols
   Compiling photoctl-image v0.1.0 (/Users/david/dev/photoctl/crates/photoctl-image)
    Finished `dev` profile [unoptimized + debuginfo] target(s) in 0.58s
packages/img-darwin-arm64/photoctl-image.darwin-arm64.node: replacing existing signature
Packaged packages/img-darwin-arm64/photoctl-image.darwin-arm64.node

 RUN  v3.2.7 /Users/david/dev/photoctl

 ✓ apps/cli/src/search-embed.test.ts (5 tests) 46602ms
   ✓ auto import reports queued cost and the built CLI streams keyless text hits  1424ms
   ✓ a running daemon applies the importing command's embedding key and cache root  1791ms
   ✓ a foreground tag quiesces an in-flight worker and then resumes it  2215ms
   ✓ a foreground embed emits progress while one provider request is still in flight  7263ms
   ✓ daemon search stays alive through provider retry and returns text fallback  33908ms
 ✓ apps/cli/src/daemon-lifecycle.test.ts (18 tests) 45389ms
   ✓ daemon start returns its verified status without probing again  1319ms
   ✓ a disconnected control client does not kill the daemon  3153ms
   ✓ a lost response does not replay a committed command  1314ms
   ✓ init leaves its new library served by the daemon  1833ms
   ✓ init remains successful when its optional daemon start fails  1262ms
   ✓ a failed daemon startup reports its 'exit' and releases the inherited lock  2231ms
   ✓ a failed daemon startup reports its 'signal' and releases the inherited lock  2409ms
   ✓ the first ordinary command starts one daemon and status reports it  2405ms
   ✓ an idle daemon accepts an uncontended request with a zero lock budget  2120ms
   ✓ no-daemon stops a live daemon before opening the library in-process  2377ms
   ✓ daemon stop does not report success while a live holder is unresponsive  2291ms
   ✓ a command respawns the daemon after an unclean kill  2562ms
   ✓ a stale socket payload owned by a dead pid is replaced once  2037ms
   ✓ a dead socket with a live-looking pid reports the replacement daemon  2111ms
   ✓ an accepting impostor reports an unknown outcome before explicit recovery  2439ms
   ✓ a live daemon from another photoctl version stops before replacement  2462ms
   ✓ removing the library mount causes a graceful daemon stop  1997ms
   ✓ the imported-image journey runs through one persistent daemon handle  9068ms
 ✓ packages/commands/src/full-frame-geometry.test.ts (28 tests) 32822ms
   ✓ retouch accepts a generated corner only while its photographic layer supplies coverage  2095ms
   ✓ preview metadata follows the reused deterministic execution's source tier  1113ms
   ✓ non-power reduced retained input can refresh inside its captured fractional viewport  1099ms
   ✓ reconstructed reduced input cannot outrank a better available pinned source  947ms
   ✓ a retained native photographic input outranks a smaller pinned fallback  871ms
   ✓ retained-only show after full-frame refresh works with both original and pinned source absent  1212ms
   ✓ retained-only export after full-frame refresh works with both original and pinned source absent  1230ms
   ✓ retained-only display never replays a missing paid artifact  874ms
   ✓ retained-only display never replays a corrupt paid artifact  940ms
   ✓ unusable missing retained full-frame input never purchases replacement pixels  903ms
   ✓ unusable corrupt retained full-frame input never purchases replacement pixels  904ms
   ✓ a lost full-frame refresh response leaves the active branch intact and is not replayed by show  1102ms
   ✓ full-frame refresh keeps its authored viewport while applying current photometric develop  1351ms
   ✓ refresh honors captured predecessor enablement and removal rather than today's stack  1635ms
   ✓ unchanged deterministic full-frame response preserves intermediate-strength pixels on refresh  1186ms
   ✓ generated detail at strength 0 cannot certify a reduced original as native  971ms
   ✓ generated detail at strength 0.35 cannot certify a reduced original as native  1013ms
   ✓ generated detail at strength 1 cannot certify a reduced original as native  989ms
   ✓ transforming a cropped retouch preserves its authored mask placement  1310ms
   ✓ full-frame edits retain cropped coordinates through show, toggle, later crop, remove and undo  1713ms
   ✓ full-frame publication failure leaves the active photo intact and retains purchased bytes  1050ms
   ✓ relight transmits the photographic predecessors while leaving visible markup editable  1372ms
   ✓ straightened full-frame generation applies strength 0 exactly once  1227ms
   ✓ straightened full-frame generation applies strength 0.35 exactly once  1148ms
   ✓ straightened full-frame generation applies strength 1 exactly once  1096ms
   ✓ same-size shifted viewports never move a full-frame purchase with the crop  1231ms
   ✓ a concurrent revision wins without losing the rejected full-frame purchase  1001ms
   ✓ explicit full-frame refresh purchases its captured predecessors without consuming itself or successors  1238ms
 ✓ apps/cli/src/first-jpeg.test.ts (13 tests) 41331ms
   ✓ imports one linked ARW and returns its photo id  1680ms
   ✓ show preserves fixture metadata and shot offset across host timezones  2579ms
   ✓ show reports limited offline detail and promotes it when the full source returns  10065ms
   ✓ export renders the full source as a profiled delivery JPEG  6971ms
   ✓ offline export renders the pinned preview and warns  1856ms
   ✓ offline export without a pinned preview returns the stable unavailable envelope  1909ms
   ✓ import counts an unsupported file without opening it as a photo  1221ms
   ✓ import skips plain text without creating a photo  1491ms
   ✓ import skips truncated TIFF without creating a photo  1538ms
   ✓ a bad export id does not starve a later valid photo  6317ms
   ✓ an offline volume is authoritative before import inspects source bytes  1068ms
   ✓ reimport returns the same photo id and locator  2220ms
   ✓ reimport repairs a missing pinned preview  2417ms
 ✓ packages/commands/src/outpaint-canvas.test.ts (28 tests) 28633ms
   ✓ retouch rejects an excluded corner inside a rotated border viewport at straighten 0 without a revision  1080ms
   ✓ retouch rejects an excluded corner inside a rotated border viewport at straighten 5 without a revision  843ms
   ✓ SAM sees source-only pixels in the expanded canvas without reactivating its consumed crop  825ms
   ✓ SAM retains inherited source exclusions after an earlier border is removed  849ms
   ✓ offline SAM grounding retains the canvas viewport at source-only density beside native border pixels  830ms
   ✓ canvas publication rejects mismatched intrinsic pixels without activating a border  673ms
   ✓ a border transform moves its full intrinsic pixels and extent without moving the original interior  858ms
   ✓ a later expansion preserves the complete visible input after an earlier border moves  1096ms
   ✓ coincident border copies preserve authored support until the final copy is cleared  900ms
   ✓ border reorder changes overlapping paint without changing the authored canvas or original interior  1043ms
   ✓ an arbitrary border rotation moves its ring and hole while original pixels stay fixed  950ms
   ✓ an exterior crop keeps the available offline density instead of inventing full-resolution pixels  907ms
   ✓ a full-density border remains native when only the original source falls back to a smaller preview  1082ms
   ✓ an invisible border cannot raise offline sampling inside its transparent hole  833ms
   ✓ shrinking a high-density border inside the original does not enlarge native output sampling  790ms
   ✓ uncovered canvas status survives cached show and skipped export and ignores intentional border opacity  923ms
   ✓ removing the last border retains an exterior crop and makes only unsupported coordinates black  892ms
   ✓ new original-only crops may be partly exterior but reject disjoint and unsafe enlargement before a revision  714ms
   ✓ a new crop validates the visible intersection after its requested aspect constraint  610ms
   ✓ aspect activation restricts the authored canvas without reactivating its consumed crop  1204ms
   ✓ post-border aspect precedes the replaceable orientation tail and restores exact authored pixels  1951ms
   ✓ new crop validation ignores a consumed aspect instead of refusing a visible intersection  812ms
   ✓ auto-enhance and its undo inherit consumed geometry without reactivating restrictions  933ms
   ✓ preset overlays preserve consumed crop while copy and reset explicitly replace its intent  1066ms
   ✓ revision undo restores border pixels and consumed geometry after removal and a later crop  877ms
   ✓ a deterministic border expands the cropped rotated photograph and survives ordinary layer edits  1667ms
   ✓ straightened borders preserve inherited exclusions and restore the current controls when disabled  2366ms
   ✓ a post-border local layer retains extension pixels while a pre-border hidden layer stays excluded  1056ms
 ✓ apps/cli/src/backup-restore.test.ts (9 tests) 26990ms
   ✓ the real CLI restores imported photo identities and content keys  4028ms
   ✓ invalid restore SQL reports catalog_unreadable without replacing the library  2701ms
   ✓ restore reports exit 75 while another process holds the library  2506ms
   ✓ the daemon creates one automatic backup and deduplicates successful opens  2352ms
   ✓ a persistent daemon reports the current fresh schema on repeated migrate  2716ms
   ✓ an automatic backup failure is logged without failing library work  2301ms
   ✓ direct no-daemon commands never create automatic snapshots  1778ms
   ✓ restore stops a live daemon and performs the directory swap directly  4150ms
   ✓ restore --path replaces a mismatched Postgres cluster with a current dump  4457ms
 ✓ apps/cli/src/outpaint-journey.test.ts (3 tests) 36989ms
   ✓ built CLI preserves outpaint pixels through repeat, removal, undo, refresh and offline export: 'cropped-away support'  12361ms
   ✓ built CLI preserves outpaint pixels through repeat, removal, undo, refresh and offline export: 'outside original support'  13012ms
   ✓ cold offline outpaint retains its native border and promotes original detail after reconnect  11615ms
 ✓ apps/cli/src/embed-drain.test.ts (1 test) 45232ms
   ✓ rate p95 stays within 2x warm show p50 while thirty embedding batches drain  45232ms
 ✓ packages/commands/src/paired-import.test.ts (20 tests) 32160ms
   ✓ paired import is one logical photo with independently identified RAW and JPEG originals  2891ms
   ✓ a valid ARW survives a corrupt JPG regardless of companion-only policy  970ms
   ✓ a valid JPG survives a corrupt ARW regardless of companion-only policy  1206ms
   ✓ camera JPEG keeps its own full dimensions and cache across RAW edits  4738ms
   ✓ late pairing preserves existing raw edit ownership  1310ms
   ✓ late pairing preserves existing jpeg edit ownership  1419ms
   ✓ late pairing preserves existing both edit ownership  1459ms
   ✓ an existing pair cannot acquire a second distinct JPEG but accepts another locator  2029ms
   ✓ an online camera JPEG does not make a missing RAW primary available  2450ms
   ✓ content preflight reports progress before catalog admission begins  1747ms
   ✓ replacing bytes at an imported locator cannot reparent that locator  1768ms
   ✓ same-stem originals with contradictory capture metadata are not paired  1606ms
   ✓ ambiguous case-folded stems do not starve an unrelated valid original  1839ms
   ✓ explicit raw ignores ambiguity only in the excluded kind  1509ms
   ✓ explicit jpeg ignores ambiguity only in the excluded kind  945ms
   ✓ explicit raw companion policy retains only selected paired originals  742ms
   ✓ explicit jpeg companion policy retains only selected paired originals  820ms
   ✓ explicit both companion policy retains only selected paired originals  1001ms
   ✓ failure copying the JPEG rolls back the already copied RAW and pair publication  810ms
   ✓ paired copy retains both original byte streams and logical removal trashes both  898ms
 ✓ apps/cli/src/camera-jpeg.test.ts (3 tests) 22414ms
   ✓ camera JPEG DSC07730.JPG retains metadata and upright pixels through import, offline preview and delivery  9957ms
   ✓ camera JPEG DSC09903.JPG retains metadata and upright pixels through import, offline preview and delivery  6297ms
   ✓ camera JPEG DSC08819.JPG retains metadata and upright pixels through import, offline preview and delivery  6160ms
 ✓ apps/cli/src/export-integrity.test.ts (8 tests) 23382ms
   ✓ export falls back when linked bytes change without an mtime change  1811ms
   ✓ export accepts matching linked content after an mtime-only touch  6255ms
   ✓ export tries later catalogued locators when the first source is gone  6661ms
   ✓ a corrupt pinned preview returns the stable offline envelope  1797ms
   ✓ a changed online source falls back to the pinned preview with a warning  1767ms
   ✓ a destination write failure returns a stable volume error envelope  1509ms
   ✓ an all-failed heterogeneous export is partial regardless of input order  2095ms
   ✓ an all-failed homogeneous export retains the shared error code  1488ms
 ✓ apps/cli/src/agent-preview-loop.test.ts (1 test) 22180ms
   ✓ the built CLI keeps agent previews current through fill, opacity, retouch, generative, and markup revisions  22180ms
 ✓ apps/cli/src/paired-originals-journey.test.ts (2 tests) 20575ms
   ✓ built CLI preserves unequal RAW/JPEG originals through editing, delivery and offline access: --link  10168ms
   ✓ built CLI preserves unequal RAW/JPEG originals through editing, delivery and offline access: --copy  10406ms
 ✓ apps/cli/src/library-lifecycle.test.ts (13 tests) 13183ms
   ✓ init creates a library with default settings  890ms
   ✓ doctor reports persisted library settings  1174ms
   ✓ doctor rejects positional arguments  1000ms
   ✓ init refuses to replace an existing library  1549ms
   ✓ doctor waits for a live library holder and succeeds after release  1353ms
   ✓ doctor reports the live holder when its lock budget expires  1258ms
   ✓ doctor reclaims a lock left by a dead process  1177ms
   ✓ SIGINT releases the library lock  1493ms
   ✓ SIGTERM releases the library lock  1484ms
   ✓ doctor recovers after a holder is killed without cleanup  1439ms
 ✓ packages/render/src/graph/store.test.ts (23 tests) 10682ms
   ✓ strict initial document snapshots admit only one concurrent initializer  620ms
   ✓ photographic revisions derive output from the resolved layer snapshot and refuse competing output intent  442ms
   ✓ geometry intent is an immutable inherited revision root, restored by undo without pixel executions  478ms
   ✓ one revision atomically stores a chain with ordered shared inputs and redirects output  420ms
   ✓ concurrent source document initialization converges on one active revision  416ms
   ✓ logical mutations are immutable, lazy, CAS-protected, and undoable  418ms
   ✓ local cycles and cross-photo edges roll back without partial graph state  415ms
   ✓ the same logical recipe is valid in two photo-scoped graphs  424ms
   ✓ revision inheritance stays in its photo when revision UUIDs repeat  428ms
   ✓ a paid nondeterministic ancestor cannot become active before artifact publication  415ms
   ✓ unreachable drafts and node-only revisions are refused without debris  415ms
   ✓ a prepared provider execution must be reachable from the resulting roots  418ms
   ✓ a revision may redirect its root to an existing node without adding nodes  408ms
   ✓ a layer-free base update advances the identical output projection  424ms
   ✓ layer mutations create immutable complete snapshots and exact composite-v2 projections  455ms
   ✓ invalid layer relationships and composite projections roll back every new identity and node  424ms
   ✓ an unpublished permanent mask pin cannot enter an active snapshot  411ms
   ✓ an output wrapper cannot relabel RGB pixels as a mask  404ms
   ✓ an RGB-only operation cannot relabel a mask branch as layer content  569ms
   ✓ an activated RGB branch cannot hide an unpublished permanent mask pin  628ms
   ✓ a permanent mask cannot become the document's RGB base and output  679ms
   ✓ affine resample accepts only its declared intrinsic RGB input  536ms
   ✓ layer identity lookup accepts only a full id or an unambiguous photo-scoped prefix  433ms
 ✓ packages/library/src/restore.test.ts (8 tests) 14921ms
   ✓ restore replaces changed rows with the validated snapshot  2373ms
   ✓ metadata restore preserves live library presets  1543ms
   ✓ invalid SQL leaves the original library byte-for-byte usable  1909ms
   ✓ a process interruption between directory renames is refused by open and rolled back on retry  2505ms
   ✓ a process interruption after promotion but before its journal update restores the original  2332ms
   ✓ a crash during rollback deletion keeps the committed promoted library  1711ms
   ✓ a failure publishing the first journal releases both locks and removes the stage  1284ms
   ✓ restore rejects a dump with a future migration ledger and preserves the original  1264ms
 ✓ apps/daemon/src/workers/embed-consent.test.ts (17 tests) 13672ms
   ✓ ambient credentials do no image work until embed or init auto supplies consent  843ms
   ✓ a command can refresh the worker key and cache context after daemon startup  622ms
   ✓ a retryable short batch wakes at cooldown even after a foreground kick  672ms
   ✓ automatic embedding stops after one configuration failure and resumes on refreshed context  935ms
   ✓ one HTTP 400 image rejection does not configuration-pause later photos  610ms
   ✓ worker stop aborts an in-flight provider request  610ms
   ✓ foreground pause reaches a database-safe point before a transaction and resumes  677ms
   ✓ worker stop interrupts provider retry backoff  617ms
   ✓ a successful provider call with a failed catalog write escapes and stops automatic work  716ms
   ✓ a slow failing sweep attempts more than 100 photos in catalog order  3959ms
   ✓ one missing preview does not starve later items in embed --all  600ms
   ✓ embed --all reports totals while bounding retained per-photo failures  803ms
   ✓ explicit embed batches reject input that cannot have a bounded response  718ms
   ✓ explicit embed rejects an oversized ID without echoing it  652ms
   ✓ explicit duplicate IDs finish progress for every returned item  636ms
 ✓ packages/commands/src/fill-provider-runtime.test.ts (4 tests) 9569ms
   ✓ the built CLI reaches the reserved instruction-composite profile through real HTTP  2436ms
   ✓ a fixture URL alone cannot bypass unverified native-mask safety  1993ms
   ✓ a wrong-aspect fixture response leaves the active revision unchanged  2531ms
   ✓ a reported whole-frame fixture response leaves the active revision unchanged  2610ms
 ✓ packages/commands/src/fill-strict.test.ts (18 tests) 16648ms
   ✓ historical fill frames recover without replaying paid generation  1128ms
   ✓ strict fill commits generated pixels through a mask composite without changing uncovered samples  872ms
   ✓ same-ratio provider dimensions remain intrinsic until the graph placement  868ms
   ✓ strict fill rejects a whole-frame provider result with data exit 65 and no revision  800ms
   ✓ a smaller provider raster remains intrinsic for density planning  810ms
   ✓ an unexplained provider aspect change is discarded before graph activation  764ms
   ✓ expanded fill changes the final document outside the selection and preserves its effective exterior  1085ms
   ✓ moving an expanded edge selection anchors the subject and vacancy to original selection intent  791ms
   ✓ feather coverage is applied once through fill, fractional transforms, and refresh  1240ms
   ✓ develop projection preserves single coverage: 'fractional online'  953ms
   ✓ develop projection preserves single coverage: 'fractional offline'  981ms
   ✓ develop projection preserves single coverage: 'same-size rotation'  934ms
   ✓ develop projection preserves single coverage: 'origin crop'  934ms
   ✓ renderer correction bypasses warmed old pixels and views without replaying paid generation  1138ms
   ✓ free fit softens selection and explicit zero strength removes feather without growing the next selection  934ms
   ✓ free fit accepts declared whole-frame edits while the effective mask still owns coverage  846ms
   ✓ invalid fit and strength fail before generation or revision changes  702ms
   ✓ prompt fill stores the exact instruction in its immutable generation recipe  868ms
 ✓ packages/commands/src/layer-density-transform.test.ts (16 tests) 15185ms
   ✓ generated layer density transforms > generated movement and shrinking use pinned density without reading provider configuration  1197ms
   ✓ generated layer density transforms > fill preserves its branch identity and refuses stale activation after settings lookup  1007ms
   ✓ generated layer density transforms > layer preserves its branch identity and refuses stale activation after settings lookup  997ms
   ✓ generated layer density transforms > combined move and scale commits density and vacancy in the same revision  1017ms
   ✓ generated layer density transforms > a failed combined scale keeps prior pixels and plain moves do not retry it  907ms
   ✓ generated layer density transforms > a concurrent edit retains combined-scale output without publishing a vacancy or replaying  908ms
   ✓ generated layer density transforms > combined move refuses border layers without changing outpaint or invoking providers  785ms
   ✓ generated layer density transforms > a larger uniform scale runs the smallest sufficient upscale from generation  965ms
   ✓ generated layer density transforms > auto intent survives a sufficient no-upscale fill for later scaling  840ms
   ✓ generated layer density transforms > an explicit no-upscale refill replaces earlier automatic density intent  928ms
   ✓ generated layer density transforms > density growth is relative to scale already baked into generation input  910ms
   ✓ generated layer density transforms > an adapter upgrade is paid once and then reuses its exact direct child  931ms
   ✓ generated layer density transforms > a limit-bound upscale reports the density planner warning  913ms
   ✓ generated layer density transforms > move, flip, and quarter rotation reuse pinned pixels without provider availability  918ms
   ✓ generated layer density transforms > a failed larger upscale still commits the transform with the best prior pixels  934ms
   ✓ generated layer density transforms > a layer transformed before fill rebases onto affine placement  1028ms
 ✓ packages/commands/src/segment-text-fake.test.ts (14 tests) 14593ms
   ✓ segmentation rejects a revision changed during inference through a shared handle (existing=false)  916ms
   ✓ segmentation rejects a revision changed during inference through a shared handle (existing=true)  717ms
   ✓ slow SAM initialization reports progress before inference can proceed  5656ms
   ✓ failed local initialization emits runtime diagnostics through command stderr events  629ms
   ✓ empty production grounding preserves JPEG bytes without encoding or evicting features  687ms
   ✓ production text grounding uses the cropped render box and commits masks in base coordinates  847ms
   ✓ default command adapter segments pinned develop pixels and dry-run leaves graph rows untouched  752ms
   ✓ production SAM reports missing model files before touching the document  614ms
   ✓ SAM uses the catalog's already-oriented portrait dimensions  616ms
   ✓ text grounding creates one base-coordinate mask layer per returned instance  702ms
   ✓ text dry-run returns grounded masks without creating graph or layer rows  618ms
   ✓ point segmentation preserves every point and an optional box in base coordinates  627ms
   ✓ text with no grounded matches succeeds without creating a revision  595ms
   ✓ a non-positive SAM box is rejected before local segmentation  616ms
 ✓ packages/commands/src/outpaint-refresh.test.ts (10 tests) 15576ms
   ✓ camera JPEG refresh retains its cropped provider frame and updates photographic input  5677ms
   ✓ outpaint retry reuses pinned generation after current edits and retries only failed density  1101ms
   ✓ failed outpaint refresh preserves the active snapshot while retaining reusable preparation  1080ms
   ✓ outpaint refresh rejects a source edit during generation through a shared handle  965ms
   ✓ refresh preserves a moved border's placement and does not expand its authored provider frame  1092ms
   ✓ outpaint refresh samples current source edits inside its fixed authored frame  1074ms
   ✓ density-only outpaint refresh keeps its pinned generation despite current edits  994ms
   ✓ refresh excludes later photographic paint even after it is reordered below the border  1223ms
   ✓ removing an authored predecessor does not revive excluded source pixels during refresh  1191ms
   ✓ refresh samples an authored predecessor's current enabled state and opacity  1179ms
 ✓ apps/cli/src/retouch-journey.test.ts (3 tests) 10304ms
   ✓ the built CLI retouches once, materializes lazily, and exports the current pixels  4536ms
   ✓ oriented uncropped retouch coordinates map into the current cropped rotation  3195ms
   ✓ a real orientation-6 import uses its persisted oriented coordinate space  2572ms
 ✓ packages/commands/src/develop.test.ts (10 tests) 8567ms
   ✓ develop resolves a preset before set and persists the exact resolved dictionary  972ms
   ✓ unset, reset, and copy-from replace state without accumulating edit history  1099ms
   ✓ reset can establish an identity base before a preset and explicit set  957ms
   ✓ library presets override package presets and are returned as resolved data  861ms
   ✓ develop keeps successful items in a mixed batch and reports the missing input  728ms
   ✓ per-photo graph read and commit failures do not starve the develop batch  810ms
   ✓ a per-photo mutation validation failure becomes a batch result  711ms
   ✓ develop rejects a new crop disjoint from the visible canvas before committing it  713ms
   ✓ replaying an absolute mutation returns the same develop and render identities  892ms
   ✓ develop reports compensated and stale layer identities with a non-blocking stale warning  822ms
 ✓ apps/cli/src/file-source.test.ts (6 tests) 10695ms
   ✓ accepted file-source images import and export without descriptive EXIF  3204ms
   ✓ an oriented whole-file image is not rotated again from its pinned preview  2034ms
   ✓ a missing extensionless source is not reported as a skipped format  1153ms
   ✓ directory import admits supported top-level files  1297ms
   ✓ a PNG with a JPEG extension is rendered instead of copied into a false JPEG  1715ms
   ✓ an unusable cache root returns a stable JSON destination error  1293ms
 ✓ apps/cli/src/show-path.test.ts (3 tests) 8506ms
   ✓ show resolves an existing photo by absolute, relative and symlink paths without importing  2759ms
   ✓ show does not import unknown paths or confuse volume identity, and IDs retain offline access  3851ms
   ✓ show resolves library-owned originals after the external source disappears  1896ms
 ✓ packages/commands/src/crop.test.ts (9 tests) 11444ms
   ✓ auto crop reports progress while photographic evaluation is pending  5949ms
   ✓ crop abstains on blank photographic output despite strong vector markup and still applies explicit aspect  781ms
   ✓ crop composes a residual with manual straighten, then repeated level detection is a revision no-op  811ms
   ✓ crop uses the quarter-turned photographic view and the pinned offline source  827ms
   ✓ auto rotates the visible expanded canvas without reactivating its consumed crop  876ms
   ✓ crop refuses to commit an estimate when another edit wins after the photographic snapshot  719ms
   ✓ conflicting photographic lines leave the revision and straighten untouched  707ms
   ✓ auto bounds large odd-sized photographic rasters without changing their line direction  772ms
 ✓ apps/cli/src/full-frame-journey.test.ts (1 test) 7373ms
   ✓ built CLI preserves full-frame source promotion and explicit refresh lifecycle  7372ms
 ✓ packages/commands/src/outpaint-density-transform.test.ts (8 tests) 8062ms
   ✓ outpaint refresh introduces density work when the first generation needed none  1169ms
   ✓ new refresh density demand cannot bypass provider consent  888ms
   ✓ outpaint refresh replans upscale density after a failed enlargement  1069ms
   ✓ deterministic border placement retains independent native RGB and mask rasters  957ms
   ✓ native-density border keeps live interior, opacity, reversible extent and cached density  1189ms
   ✓ pinned outpaint retry does not decode its historical photographic input  817ms
   ✓ explicit outpaint retry satisfies moved enlarged density without generating again  1061ms
   ✓ enlarged outpaint retains native upscaler detail without regenerating its border  912ms
 ✓ packages/img/src/highlight-reconstruction.test.ts (5 tests) 10137ms
   ✓ source probe plans the same effective method as actual native decode  1233ms
   ✓ explicit native reconstruction removes candle false color without replacing RAW headroom  1965ms
   ✓ native reconstruction preserves real orange light detail and reliable scene samples exactly  2161ms
   ✓ reconstruction runs on native neighborhoods before both reductions, without a second WB  3643ms
   ✓ disabled reconstruction keeps camera-space and its scaled front exactly; reduced RGB is honest  1135ms
 ✓ packages/render/src/graph/evaluator.test.ts (20 tests) 9586ms
   ✓ equal pixels retain distinct source treatment through deterministic descendants  715ms
   ✓ equal RGB artifacts do not collapse executions with different realized frames  525ms
   ✓ structured sources expose decode failure without masking graph errors  415ms
   ✓ affine resample translates an intrinsic RGB image onto a protected zero canvas  465ms
   ✓ affine resample applies a uniform scale directly into the output canvas  464ms
   ✓ affine resample quarter-rotates exactly and clips pixels outside the canvas  460ms
   ✓ historical resample v1 recipes remain evaluable  463ms
   ✓ evaluation failure before publication or database commit cannot create active missing state  439ms
   ✓ deterministic evaluations reuse while nondeterministic attempts retain distinct identities  476ms
   ✓ external nodes cannot commit a successful execution without provider provenance  442ms
   ✓ provider provenance cannot disagree with the immutable node recipe  438ms
   ✓ source fallback keeps render state stable while recording a distinct source execution  448ms
   ✓ markup and develop geometry scale from catalog space to a smaller evaluated source  534ms
   ✓ changed source pixels at the same locator create a new source evaluation  456ms
   ✓ develop nodes run the native global grade without caller-supplied operations  461ms
   ✓ develop exposure acts on preserved scene-linear values above the display ceiling  460ms
   ✓ delta nodes compensate an existing scene-linear branch through the native evaluator  516ms
   ✓ delta nodes apply bounded white-balance compensation in scene-linear space  481ms
   ✓ a requested execution id belongs only to the top nondeterministic node  464ms
   ✓ reevaluation repairs missing and corrupt canonical artifacts  462ms
 ✓ apps/cli/src/offline-preview.test.ts (3 tests) 5759ms
   ✓ every accepted file image has the same source-independent offline JPEG preview  2491ms
   ✓ copy imports preserve the same contract from a library-owned original  1491ms
   ✓ reimport repairs a corrupt file-image preview  1777ms
 ✓ packages/commands/src/fill-upscale-policy.test.ts (11 tests) 9158ms
   ✓ fill upscale policy > changing only upscale policy preserves the generation attempt across execution aliases  1134ms
   ✓ fill upscale policy > configured auto upscale owns policy and inserts one upscale before placement  805ms
   ✓ fill upscale policy > --no-upscale overrides configured auto without calling the adapter  766ms
   ✓ fill upscale policy > unconfigured auto preserves the successful generation with a soft warning  760ms
   ✓ fill upscale policy > sufficient intrinsic generation skips the paid upscaler  757ms
   ✓ fill upscale policy > --upscale-model implies enabled and overrides an off library model  795ms
   ✓ fill upscale policy > adapter limits use the largest valid scale and report unsatisfied output density  789ms
   ✓ fill upscale policy > a reversible provider frame is cropped before the single exact placement  809ms
   ✓ fill upscale policy > source limits remain separate when output density is satisfied  739ms
   ✓ fill upscale policy > a matching cached upscale is reused before exact placement  882ms
   ✓ fill upscale policy > a cached upscale from another adapter version is rejected while generation is reused  919ms
 ✓ apps/cli/src/concurrency-race.test.ts (2 tests) 8151ms
   ✓ eight real clients append every requested tag without losing a row  6242ms
   ✓ queue overflow fails loudly and commits every accepted batch in full  1908ms
 ✓ packages/commands/src/export-protection.test.ts (13 tests) 8634ms
   ✓ export overwrite preserves the self catalog original  818ms
   ✓ export overwrite preserves the other catalog original  657ms
   ✓ export overwrite preserves the copied catalog original  633ms
   ✓ export overwrite preserves the file-alias catalog original  644ms
   ✓ export overwrite preserves the directory-alias catalog original  645ms
   ✓ export overwrite preserves the missing catalog original  643ms
   ✓ export overwrite preserves the companion catalog original  853ms
   ✓ export overwrite preserves the prior-volume catalog original  618ms
   ✓ export overwrite preserves the recreated-mount catalog original  638ms
   ✓ delivery overwrite ignores absent mounts but not lookup failures: false  651ms
   ✓ delivery overwrite ignores absent mounts but not lookup failures: true  618ms
   ✓ delivery overwrite ignores absent mounts but not lookup failures: EACCES  605ms
   ✓ delivery overwrite ignores absent mounts but not lookup failures: EIO  608ms
 ✓ apps/cli/src/decoder-libraw.test.ts (3 tests) 8505ms
   ✓ the built CLI decodes the LibRaw fixture: 'a7c2-lossless-l.ARW'  2988ms
   ✓ the built CLI decodes the LibRaw fixture: 'a7c2-lossy.ARW'  2763ms
   ✓ the built CLI decodes the LibRaw fixture: 'a7c2.ARW'  2753ms
 ✓ packages/commands/src/fill-input-frame.test.ts (5 tests) 5269ms
   ✓ fill samples authored coordinates from 'nonorigin crop' and refreshes them  1185ms
   ✓ fill samples authored coordinates from 'quarter rotation' and refreshes them  942ms
   ✓ fill samples authored coordinates from 'fractional straighten' and refreshes them  951ms
   ✓ fill samples authored coordinates from 'offline density' and refreshes them  923ms
   ✓ fill samples authored coordinates from 'clipped coverage' and refreshes them  1266ms
 ✓ packages/commands/src/source-treatment.test.ts (1 test) 7888ms
   ✓ ordinary RAW rendering uses the measured native treatment while an untouched overview stays cheap  7888ms
 ✓ packages/commands/src/cull.test.ts (12 tests) 6834ms
   ✓ rate reports a missing item without starving valid photos  784ms
   ✓ list filters and orders catalog rows while resolving current online state  615ms
   ✓ limited list checks only returned originals and refreshes volume availability  600ms
   ✓ limited stale-XMP list counts every match before materializing availability  600ms
   ✓ next keeps an independent ordered cursor per filter and reset rewinds it  598ms
   ✓ next advances its cursor only after the pinned preview is deliverable  574ms
   ✓ streamed list pages rows in order and waits for each consumer  710ms
   ✓ removing several photos requires explicit confirmation before any mutation (["--from-disk"])  588ms
   ✓ removing several photos requires explicit confirmation before any mutation ([])  564ms
   ✓ remove restores source, cache and graph when post-teardown failure is false  618ms
   ✓ remove restores source, cache and graph when post-teardown failure is true  580ms
 ✓ packages/commands/src/show.test.ts (10 tests) 8009ms
   ✓ unedited default show uses the pinned overview without publishing full graph artifacts  1058ms
   ✓ show preserves the exact 'reduced' frame through native and cached detail  920ms
   ✓ show preserves the exact 'full' frame through native and cached detail  833ms
   ✓ show normalizes empty stored metadata to the public nullable shape  864ms
   ✓ show warns when an online locator cannot provide the catalogued source  676ms
   ✓ show preserves a preview-cache destination failure  654ms
   ✓ show indexes a derived preview only after returning a readable artifact  642ms
   ✓ show materializes pixels from the active global develop node  738ms
   ✓ show derives overview and detail from the current native master  793ms
   ✓ show reports and renders the active base-space crop and quarter-turn  828ms
 ✓ packages/commands/src/provider-retention.test.ts (6 tests) 6916ms
   ✓ source-less generation retains its exact wrongaspect response with corrupt backup files  1717ms
   ✓ source-less generation retains its exact wrongaspect response with intact backup files  1500ms
   ✓ source-less generation retains its exact wrongaspect response with missing backup files  1550ms
   ✓ source-less generation retains its exact normal response with intact backup files  808ms
   ✓ source-less generation retains its exact commit-failure response with intact backup files  663ms
   ✓ source-less generation retains its exact cache-failure response with intact backup files  677ms
 ✓ apps/cli/src/reimagine-journey.test.ts (1 test) 4236ms
   ✓ the built CLI reimagines lazily at base density and removal restores exact prior pixels  4236ms
 ✓ packages/commands/src/develop-format-matrix.test.ts (1 test) 6936ms
   ✓ develop renders whole-file, embedded-container, and extensionless inputs  6936ms
 ✓ packages/library/src/migrations/runner.test.ts (10 tests) 4149ms
   ✓ migrations are repeatable and record each version once  599ms
   ✓ the latest schema supports promoted sampled-key collisions and cull state  415ms
   ✓ the latest schema permits affine resample recipes while rejecting unknown source versions  409ms
   ✓ rejects the non-prefix migration ledger 2 before applying schema  376ms
   ✓ rejects the non-prefix migration ledger 1,3 before applying schema  373ms
   ✓ rejects the non-prefix migration ledger 1,2,3,4,5,6,7,8,9,10,11,12,13,14,15,16,17,18,19,20,21,22 before applying schema  366ms
   ✓ latest-schema verification rejects a missing required constraint  402ms
   ✓ latest-schema verification rejects a missing required index  404ms
   ✓ the graph schema separates logical nodes from reusable and attempted executions  401ms
   ✓ the layer schema keeps identities, snapshots, graph roots, and photos in one ownership boundary  404ms
 ✓ packages/commands/src/fill-upscale-failure.test.ts (8 tests) 6801ms
   ✓ fill upscale failure retention > upscale capture persistence failure aborts the fill without discarding its earlier paid original  983ms
   ✓ fill upscale failure retention > transport-failure keeps generation active without publishing an upscale node  892ms
   ✓ fill upscale failure retention > wrong-aspect keeps generation active without publishing an upscale node  787ms
   ✓ fill upscale failure retention > too-small keeps generation active without publishing an upscale node  774ms
   ✓ fill upscale failure retention > corrupt keeps generation active without publishing an upscale node  749ms
   ✓ fill upscale failure retention > retry reports the source context pinned to the reused generation  840ms
   ✓ fill upscale failure retention > a changed instruction is not mistaken for an upscale-only retry  885ms
   ✓ fill upscale failure retention > a noncanonical composite is not mistaken for an upscale-only retry  890ms
 ✓ apps/cli/src/gold-exam-dry.test.ts (1 test) 4506ms
   ✓ the keyless gold exam develops three people presets before exporting ten photos  4506ms
 ✓ apps/cli/src/human-output.test.ts (8 tests) 6076ms
   ✓ a mixed batch renders one row per input and the aggregate summary  1769ms
   ✓ human output includes envelope warnings without changing success  1937ms
   ✓ --human leaves daemon NDJSON events on stderr  1598ms
 ✓ packages/commands/src/reimagine-upscale-fallback.test.ts (5 tests) 4210ms
   ✓ full-frame upscale-only refresh preserves generation and retains the last successful upscale on failure  1091ms
   ✓ reimagine keeps successful generation active when density matching fails  761ms
   ✓ reimagine leaves the active revision unchanged when generation geometry is invalid  740ms
   ✓ reimagine accepts a reduced pinned source and targets the authored viewport density  876ms
   ✓ progress delivery failure cannot override a committed reimagine  741ms
 ✓ apps/cli/src/tag.test.ts (2 tests) 4529ms
   ✓ tag adds an exact value to every resolved photo  2128ms
   ✓ tag commits the found subset and remove is idempotent  2401ms
 ✓ packages/commands/src/relight.test.ts (5 tests) 4212ms
   ✓ relight validates every required control before provider work or revision change  920ms
   ✓ relight accepts reduced input and removal restores the available original  887ms
   ✓ relight accepts cropped quarter-turn geometry and removal restores its viewport  793ms
   ✓ relight leaves the active revision unchanged when provider geometry is invalid  759ms
   ✓ zero intensity keeps current pixels while retaining a removable relight revision  852ms
 ✓ packages/commands/src/fill-refresh.test.ts (7 tests) 6511ms
   ✓ fill branch refresh > generation refresh adopts current develop and rebuilds deterministic descendants  1197ms
   ✓ fill branch refresh > upscale refresh reuses generation and creates a new pinned execution  907ms
   ✓ fill branch refresh > refresh records the currently executing adapter and model versions  981ms
   ✓ fill branch refresh > upscale refresh still requires configured provider consent  812ms
   ✓ fill branch refresh > generation refresh rebases a transformed pre-fill input onto current pixels  960ms
   ✓ fill branch refresh > generation refresh renormalizes placement when intrinsic dimensions change  881ms
   ✓ fill branch refresh > refresh refuses a lookalike branch that is not the canonical strict fill recipe  773ms
 ✓ packages/commands/src/decode.test.ts (6 tests) 6467ms
   ✓ decode publishes a new TIFF without replacing output  847ms
   ✓ decode publishes a new TIFF without replacing occupied  646ms
   ✓ decode publishes a new TIFF without replacing hardAlias  649ms
   ✓ decode publishes a new TIFF without replacing symbolicAlias  639ms
   ✓ decode publishes a new TIFF without replacing source  646ms
   ✓ decode writes native decoder output through the shared 16-bit TIFF boundary  3039ms
 ✓ packages/commands/src/generate.test.ts (9 tests) 6258ms
   ✓ reference-only generation sends variation intent and retains its source without importing it  991ms
   ✓ generation refuses an unsupported required reference before buying an unrelated image (strength=false)  596ms
   ✓ generation refuses an unsupported required reference before buying an unrelated image (strength=true)  580ms
   ✓ reference-guided generation retains an immutable reachable image without importing another photo  751ms
   ✓ generate imports the canonical provider artifact with durable provenance and no automatic upscale  688ms
   ✓ explicit generate upscale reaches the requested size and sends a normalized reference  759ms
   ✓ generate provider geometry failure leaves no catalog or graph state  621ms
   ✓ generate without gateway credentials fails before catalog mutation  592ms
   ✓ explicit upscale preserves provider pixels that already cover the requested size  678ms
 ✓ packages/commands/src/export-retained.test.ts (4 tests) 3585ms
   ✓ offline export uses verified current pixels and recovers from intact retained output  1037ms
   ✓ offline export uses verified current pixels and recovers from missing retained output  876ms
   ✓ offline export uses verified current pixels and recovers from corrupt retained output  856ms
   ✓ offline export uses verified current pixels and recovers from obsolete retained output  815ms
 ✓ apps/cli/src/auto-enhance.test.ts (1 test) 3928ms
   ✓ the built CLI applies one clamped auto-enhance batch and undo restores the prior develop  3928ms
 ✓ packages/commands/src/fill-move.test.ts (7 tests) 5553ms
   ✓ combined move and scale multiplies current geometry in one vacancy revision  1051ms
   ✓ combined scale preserves rotation and uses oriented normalized target coordinates  692ms
   ✓ manual movement and transforms do not depend on provider configuration  686ms
   ✓ fill --move moves subject pixels and mask atomically while retaining one original vacancy  831ms
   ✓ vacancy warnings follow the snapped active revision even when export skips evaluation  760ms
   ✓ develop reports and counts only photographic layers while vacancy pixels remain exact  857ms
   ✓ fill --move validates its exclusive coordinate modes and subject role  675ms
 ✓ apps/cli/src/filter.test.ts (1 test) 5077ms
   ✓ public filter shares develop state, repeat behavior and undo  5076ms
 ✓ apps/cli/src/undo.test.ts (1 test) 3640ms
   ✓ public undo restores the previous edit pixels and stops at the original image  3640ms
 ✓ packages/commands/src/layers.test.ts (4 tests) 3237ms
   ✓ manual box segmentation creates a permanent layer without eagerly evaluating pixels  837ms
   ✓ manual layer commands create immutable revisions and retain stable identities  964ms
   ✓ show lazily evaluates a transformed manual layer through the production graph  784ms
   ✓ manual layer commands reject ambiguous or invalid command values  652ms
 ✓ packages/commands/src/white-balance.test.ts (7 tests) 5066ms
   ✓ white-balance eyedropper stores a neutral correction and repeats without another revision  930ms
   ✓ sampling excludes user grade and markup and maps normalized base coordinates while offline  741ms
   ✓ black, outside, and malformed samples leave the snapped document unchanged  677ms
   ✓ portrait orientation and reduced offline pixels keep the oriented base sample  713ms
   ✓ fractional regions include their near centers and exclude their far centers  695ms
   ✓ an out-of-range neutral reports its remaining color without widening controls  651ms
   ✓ a concurrent develop edit is not overwritten by a sampled stale snapshot  657ms
 ✓ apps/cli/src/white-balance.test.ts (1 test) 3586ms
   ✓ built eyedropper neutralizes delivery pixels and shares explicit develop and undo  3586ms
 ✓ packages/render/src/provider-images/attempts.test.ts (5 tests) 3183ms
   ✓ valid PNG headers with corrupt compressed pixels never create an original artifact  773ms
   ✓ a rate-limit retry followed by transport rejection records observed requests without an invented image  579ms
   ✓ working conversion failure keeps the valid original and records a failed attempt  614ms
   ✓ an adapter that omits original capture cannot return a prepared paid success  613ms
   ✓ original registration failure stops normalization with a non-retryable retention diagnostic  603ms
 ✓ packages/commands/src/search-hybrid.test.ts (5 tests) 3136ms
   ✓ hybrid search returns tag-only and vector-only hits in deterministic RRF order  794ms
   ✓ search without an explicit key stays text-only and warns  581ms
   ✓ text search normalizes filename, folder, and tag punctuation like the index  581ms
   ✓ search keeps text hits when the optional vector provider rejects or cannot serve  589ms
   ✓ vector ranking returns every current-model hit despite many closer old-model rows  592ms
 ✓ packages/providers/src/mask-polarity-smoke.test.ts (5 tests) 4818ms
   ✓ keyed white-edits smoke saves the actual wire mask and uncomposited response without blessing it  2321ms
   ✓ keyed transparent-edits smoke saves the actual wire mask and uncomposited response without blessing it  2276ms
 ✓ packages/commands/src/outpaint-generation.test.ts (4 tests) 3845ms
   ✓ outpaint finalizes a retained paid attempt when exterior publication fails  907ms
   ✓ outpaint keeps usable generation and its extent when configured upscaling fails  839ms
   ✓ outpaint sends the source in an exterior-only frame and activates one border (edited=true)  1077ms
   ✓ outpaint sends the source in an exterior-only frame and activates one border (edited=false)  1021ms
 ✓ apps/cli/src/markup-journey.test.ts (1 test) 4441ms
   ✓ the built CLI flattens markup lazily and removing the item restores exact prior pixels  4441ms
 ✓ apps/cli/src/relight-journey.test.ts (1 test) 3995ms
   ✓ the built CLI relights lazily through the full-frame owner and removal restores exact pixels  3995ms
 ✓ packages/commands/src/xmp-roundtrip.test.ts (5 tests) 4132ms
   ✓ explicit XMP write round-trips catalog cull metadata without touching image bytes  1415ms
   ✓ sync --read replaces sidecar-owned fields, preserves an absent flag, and clears stale diagnostics  639ms
   ✓ a read-only whole-file sidecar failure does not starve an embedded-container write  720ms
   ✓ an item-local filesystem shape error does not abort later writes  673ms
   ✓ a post-verification sidecar conflict fails one item without starving the batch  685ms
 ✓ packages/commands/src/fill-input-size.test.ts (2 tests) 2773ms
   ✓ fill caps provider inputs while full-res and refresh preserve the chosen sampling (cropped: false)  1486ms
   ✓ fill caps provider inputs while full-res and refresh preserve the chosen sampling (cropped: true)  1286ms
 ✓ packages/commands/src/fill-controls.test.ts (2 tests) 3036ms
   ✓ fill repeat and refresh retain immutable reference/init intent ('photoctl/fake-image-edit-v1')  1655ms
   ✓ fill repeat and refresh retain immutable reference/init intent ('fixture/unsupported-controls')  1381ms
 ✓ packages/commands/src/graph-source.test.ts (1 test) 3546ms
   ✓ online RAW graph renders use the native whole-file decoder with full provenance  3546ms
 ✓ apps/cli/src/crop.test.ts (1 test) 2649ms
   ✓ public crop auto levels a visible horizon without modifying the original  2648ms
 ✓ packages/commands/src/generate-strength.test.ts (10 tests) 2362ms
   ✓ generate records reference strength 0 as transmitted variation guidance  927ms
   ✓ generate records reference strength 0.25 as transmitted variation guidance  722ms
   ✓ generate records reference strength 1 as transmitted variation guidance  712ms
 ✓ apps/workbench/src/cli.test.ts (10 tests) 3131ms
   ✓ library renders current schema, row counts, backups, and indexed cache bytes  917ms
   ✓ graph renders a source to develop to output structure with revision identities  662ms
   ✓ graph follows bounded inspection pages through the active output lineage  750ms
   ✓ layers renders the immutable stack beside its DAG roots with a legible vacancy  783ms
 ✓ apps/cli/src/fill-move-scale.test.ts (1 test) 3060ms
   ✓ built combined move-scale changes delivery and one undo restores the original  3059ms
 ✓ packages/commands/src/preview-export-hash.test.ts (4 tests) 2989ms
   ✓ a preview and following export identify the same snapped render state (broken progress: false)  911ms
   ✓ a preview and following export identify the same snapped render state (broken progress: true)  716ms
   ✓ export evaluates the snapped output node to a canonical artifact  666ms
   ✓ export consumes the active global develop node  694ms
 ✓ apps/workbench/src/fill.test.ts (7 tests) 2851ms
   ✓ outpaint report exposes native border detail and authored exterior coverage without paid calls  1095ms
   ✓ fill renders one self-contained native crop from the immutable before, generated, and current artifacts  1073ms
   ✓ fill refuses an active mask layer that has no committed fill ancestry  681ms
 ✓ packages/render/src/decoder.test.ts (6 tests) 2813ms
   ✓ the CIRAW adapter returns the shared linear-image contract from the helper wire  538ms
   ✓ LibRaw reports RAW compression and preserves A7C II camera pixels: 'a7c2-lossless-l.ARW'  963ms
   ✓ LibRaw reports RAW compression and preserves A7C II camera pixels: 'a7c2-lossy.ARW'  675ms
   ✓ LibRaw reports RAW compression and preserves A7C II camera pixels: 'a7c2.ARW'  625ms
 ✓ packages/commands/src/import.test.ts (2 tests) 1668ms
   ✓ copy import catalogs an already-in-place original without duplicating it on repeat  808ms
   ✓ reimport restores a missing cache index without rewriting a valid preview  859ms
 ✓ packages/render/src/highlight-treatment.test.ts (3 tests) 2524ms
   ✓ the RAW adapter reports the planned reconstruction and preserves explicit disabled pixels  1937ms
   ✓ incapable RAW and camera JPEG retain honest treatment: FileImageDecoder{ id: 'file' } DSC00103.JPG  461ms
 ✓ apps/cli/src/develop.test.ts (1 test) 2368ms
   ✓ the built CLI persists resolved develop state without rendering new pixels  2368ms
 ✓ packages/commands/src/reimport-idempotent.test.ts (4 tests) 2403ms
   ✓ recursive import admits content-probed unknown extensions and relocates idempotently  804ms
   ✓ copy imports use the stable internal-library volume after the source disappears  604ms
   ✓ daemon import forwards progress before its terminal envelope without retaining it  986ms
 ✓ apps/workbench/src/upscale-spike.test.ts (10 tests) 1768ms
   ✓ identical source requests share a provider result across distinct inspection crops and categories  509ms
   ✓ built CLI retains mask context and all declared validation categories  727ms
 ✓ apps/cli/src/generate-journey.test.ts (1 test) 2303ms
   ✓ the built CLI generates, imports, tags, and lazily previews a canonical photo  2303ms
 ✓ packages/commands/src/generate-upscale-consumers.test.ts (2 tests) 2263ms
   ✓ standalone upscale at 8 pixels survives show, replaced develop and export without replay  1229ms
   ✓ standalone upscale at 9 pixels survives show, replaced develop and export without replay  1033ms
 ✓ packages/commands/src/retouch.test.ts (3 tests) 2310ms
   ✓ retouch resolves normalized geometry and exact retries without eager pixels  866ms
   ✓ retouch uses oriented photographic support and rejects invalid target geometry  790ms
   ✓ an authored retouch retry survives a hiding crop while a fresh excluded circle is rejected  653ms
 ✓ packages/render/src/graph/composite-evaluator.test.ts (4 tests) 2141ms
   ✓ composite v2 folds ordered content-mask pairs without changing uncovered samples  726ms
   ✓ a permanent mask pin refuses an RGB artifact with the same file extension  461ms
   ✓ strict mask composite copies every zero-coverage base sample exactly  509ms
   ✓ a corrupt permanent mask is marked unavailable on its first evaluation  444ms
 ✓ apps/cli/src/stream.test.ts (2 tests) 2222ms
   ✓ list --stream writes each row as bare NDJSON without the daemon  1122ms
   ✓ list --stream writes each row as bare NDJSON through the daemon  1100ms
 ✓ packages/commands/src/cwd.test.ts (2 tests) 1864ms
   ✓ relative command paths resolve from the request working directory  818ms
   ✓ doctor resolves a relative cache root from the request working directory  1045ms
 ✓ apps/workbench/src/masks.test.ts (4 tests) 2085ms
   ✓ masks compares committed coverage with identified cached develop pixels (crop/rotate/offline=false)  1134ms
   ✓ masks compares committed coverage with identified cached develop pixels (crop/rotate/offline=true)  950ms
 ✓ packages/library/src/cache-index.test.ts (3 tests) 1913ms
   ✓ cache index orders eviction by last use and conditionally claims only old unpinned rows  752ms
   ✓ cache paths remain scoped to whichever cache root is active  592ms
   ✓ cache eviction candidates page through stable LRU boundaries  568ms
Traceback (most recent call last):
  File "/Users/david/dev/photoctl/fixtures/tools/manifest.py", line 74, in <module>
    raise ValueError("image SHA-256 changed or was not pinned; review and remove the old manifest before regenerating")
ValueError: image SHA-256 changed or was not pinned; review and remove the old manifest before regenerating
 ✓ fixtures/tools/manifest.test.ts (7 tests) 1956ms
   ✓ fixture manifest > regenerating measured facts preserves authored provenance and decoder expectations  950ms
   ✓ fixture manifest > refuses to carry image-specific annotations onto changed image bytes  932ms
 ✓ packages/commands/src/person-move.test.ts (1 test) 1906ms
   ✓ person move keeps one vacancy until strict fill and carries both photographic layers through develop  1906ms
 ✓ packages/render/src/artifacts/availability.test.ts (4 tests) 1896ms
   ✓ encoded PNG publication shares orphan discovery and registration  627ms
   ✓ reconciliation invalidates legacy display artifacts  428ms
   ✓ reconciliation recognizes canonical masks and rejects corrupt mask bytes  430ms
   ✓ retention follows disabled layer content and masks as immutable revision roots  411ms
 ✓ packages/library/src/identity-collision.test.ts (4 tests) 1858ms
   ✓ sample-key collisions promote both files and preserve distinct stable IDs  605ms
   ✓ an offline unpromoted candidate never absorbs a sampled-key collision  423ms
   ✓ a missing locator is relocation only on its confirmed-online volume  418ms
   ✓ an exact unpromoted locator accepts stable mtime and refuses replacement in place  411ms
 ✓ packages/commands/src/fill-upscale-runtime.test.ts (2 tests) 1775ms
   ✓ fill production upscale wiring > unconfigured runtime adapter preserves generation without sending pixels  965ms
   ✓ fill production upscale wiring > persisted consent executes the runtime adapter without an injected registry  809ms
 ✓ packages/commands/src/export-template.test.ts (2 tests) 1799ms
   ✓ export applies a library preset, lets CLI options override it, resolves collisions, and records writes  1099ms
   ✓ a truncated skipped JPEG becomes a per-item failure and the batch continues  700ms
 ✓ apps/cli/src/xmp.test.ts (1 test) 1720ms
   ✓ the built CLI exposes explicit xmp write and its typed batch result  1720ms
 ✓ packages/commands/src/render.test.ts (2 tests) 1658ms
   ✓ render --linear exposes the active graph and one stop doubles linear mean  972ms
   ✓ render --linear never replaces an existing destination or source locator  685ms
 ✓ packages/commands/src/restore-artifacts.test.ts (1 test) 1639ms
   ✓ restore marks a referenced canonical artifact unavailable when its file is missing  1639ms
 ✓ packages/render/src/markup/state.test.ts (2 tests) 1448ms
   ✓ markup is atomic with its revision and remains the output wrapper after later develop  801ms
   ✓ retouch consumes the markup-free pixel output  647ms
 ✓ packages/library/src/restore-artifacts.test.ts (1 test) 1566ms
   ✓ restore replaces database state while preserving canonical artifacts and library-owned sources  1565ms
 ✓ packages/commands/src/generate-negative.test.ts (4 tests) 1608ms
   ✓ generate records negative guidance and the actual transmitted prompt (reference=false)  884ms
   ✓ generate records negative guidance and the actual transmitted prompt (reference=true)  723ms
 ✓ packages/library/src/locators.test.ts (8 tests) 1415ms
   ✓ a unique photo ID prefix resolves to the full ID  589ms
   ✓ an ambiguous photo ID prefix is never resolved arbitrarily  414ms
   ✓ a photo prefix cannot inject SQL wildcard matching  407ms
 ✓ packages/commands/src/auto-enhance.test.ts (2 tests) 1418ms
   ✓ a structured-provider failure leaves the active revision and develop state unchanged  795ms
   ✓ undo consumes a no-op auto-enhance marker in a new immutable revision  622ms
 ✓ packages/commands/src/graph.test.ts (2 tests) 1442ms
   ✓ graph show and node expose bounded full-identity records  784ms
   ✓ graph show pages a layer content and mask graph with a revision-and-layer-bound cursor  657ms
 ✓ fixtures/tools/probe-toast.test.ts (2 tests) 1438ms
   ✓ the TOAST probe records the tested workload and a write-strategy verdict  727ms
   ✓ an unexpected database failure invalidates stale PASS evidence before exiting  711ms
 ✓ packages/commands/src/reimagine-layer.test.ts (1 test) 1433ms
   ✓ reimagine adds a lazy full-frame layer and removing it restores the prior render  1432ms
 ✓ packages/library/src/open.test.ts (2 tests) 1388ms
   ✓ a library opens with durable Postgres settings  749ms
   ✓ migration failures become a stable catalog error  638ms
 ✓ apps/cli/src/cache-prune.test.ts (1 test) 1286ms
   ✓ cache prune applies an explicit byte budget through the built CLI  1285ms
 ✓ packages/render/src/libraw-scene.test.ts (2 tests) 1272ms
   ✓ LibRaw scene output preserves resize-before-camera-front pixels and canonical metadata  1270ms
 ✓ packages/commands/src/undo.test.ts (1 test) 1146ms
   ✓ undo preserves a generated initial root and atomically restores markup and layer snapshots  1145ms
 ✓ packages/render/src/develop/state.test.ts (2 tests) 1123ms
   ✓ develop compensation advances the base and reports stable layer ids without rewriting history  659ms
   ✓ white-balance compensation is bounded by the operator owner's temperature threshold  464ms
 ✓ packages/render/src/graph/inspection.test.ts (2 tests) 1055ms
   ✓ history pagination is bounded, duplicate-free, and remains bound to its starting revision  643ms
   ✓ cursor structure is validated before it reaches database casts  411ms
 ✓ apps/cli/src/fresh-open.test.ts (1 test) 1042ms
   ✓ eight fresh init processes create one migrated library without a leaked lock  1041ms
 ✓ packages/commands/src/remove-generated.test.ts (1 test) 1026ms
   ✓ removing one generated photo preserves shared originals and the other photo without provider replay  1026ms
 ✓ packages/img/src/task-memory.test.ts (29 tests) 1009ms
 ✓ packages/library/src/backup.test.ts (5 tests) 987ms
   ✓ a backup is a restorable SQL file and an automatic retry inside five minutes reuses it  830ms
 ✓ packages/commands/src/progress.test.ts (2 tests) 1006ms
   ✓ stop during an asynchronous report does not schedule another interval  1003ms
 ✓ packages/commands/src/markup.test.ts (1 test) 813ms
   ✓ markup add/list/update/remove/clear round-trips strict vector items  813ms
 ✓ packages/commands/src/xmp-read.test.ts (1 test) 813ms
   ✓ XMP seeds cull state once, then PGlite edits win on re-import  812ms
 ✓ packages/commands/src/models-doctor.test.ts (1 test) 825ms
   ✓ doctor reports the ready SAM manifest and fetch refuses without a base URL  825ms
 ✓ packages/render/src/preview.test.ts (9 tests) 804ms
 ✓ packages/render/src/graph/provider-events.test.ts (1 test) 670ms
   ✓ generate and upscale attempts emit distinct events and retain bounded redacted provenance  669ms
 ✓ packages/commands/src/provider-doctor.test.ts (1 test) 755ms
   ✓ doctor reports fixed and library-overridden provider ids without exposing credentials  755ms
 ✓ packages/render/src/develop/pixels.test.ts (58 tests) 198ms
 ✓ packages/render/src/graph/removal.test.ts (1 test) 637ms
   ✓ photo removal clears geometry checkpoints and layer history without touching another graph or shared artifacts  637ms
 ✓ packages/render/src/artifacts/artifact-publication.test.ts (17 tests) 607ms
 ✓ fixtures/manifest.test.ts (3 tests) 474ms
 ✓ packages/library/src/lock.test.ts (2 tests) 400ms
   ✓ concurrent contenders cannot both reclaim one dead holder  371ms
 ✓ packages/render/src/sam2-runtime.test.ts (4 tests) 264ms
 ✓ apps/cli/src/cli-version.test.ts (2 tests) 221ms
 ✓ packages/render/src/export/delivery.test.ts (7 tests) 158ms
test source checkout must be clean
 ✓ fixtures/export-sam2.test.ts (3 tests) 139ms
 ✓ packages/test-harness/src/harness-self.test.ts (1 test) 153ms
 ✓ packages/providers/src/embed-shape-smoke.test.ts (4 tests) 132ms
 ✓ packages/render/src/preview-resampler.test.ts (2 tests) 93ms
 ✓ packages/render/src/markup/flatten.test.ts (2 tests) 90ms
 ✓ apps/cli/src/version-sync.test.ts (2 tests) 82ms
 ✓ packages/importer/src/cache.test.ts (7 tests) 79ms
 ✓ apps/cli/src/gold-exam-report.test.ts (1 test) 62ms
 ✓ packages/render/src/preview-coordinator.test.ts (4 tests) 51ms
 ✓ packages/importer/src/pipeline.test.ts (1 test) 56ms
 ✓ packages/importer/src/exif.test.ts (4 tests) 49ms
 ✓ packages/render/src/export/publication.test.ts (4 tests) 54ms
 ✓ packages/img/src/sam2.test.ts (5 tests) 17ms
 ✓ packages/library/src/xmp/write.test.ts (7 tests) 47ms
 ✓ fixtures/tools/drive.test.ts (1 test) 42ms
 ✓ packages/providers/src/provider-fake.test.ts (15 tests) 35ms
 ✓ packages/render/src/sam2-frame.test.ts (1 test) 34ms
 ✓ packages/providers/src/image-controls.test.ts (3 tests) 26ms
 ✓ packages/test-harness/src/spawn.test.ts (1 test) 21ms
 ✓ packages/protocol/src/verbs/markup.test.ts (17 tests) 23ms
 ✓ packages/importer/src/formats.test.ts (5 tests) 21ms
 ✓ packages/importer/src/cache-prune.test.ts (5 tests) 16ms
 ✓ packages/test-harness/src/gateway-fixture.test.ts (1 test) 15ms
 ✓ packages/render/src/sam2.test.ts (4 tests) 16ms
 ✓ packages/library/src/identity.test.ts (5 tests) 15ms
 ✓ packages/library/src/models.test.ts (2 tests) 12ms
 ✓ packages/protocol/src/frames.test.ts (2 tests) 11ms
 ✓ packages/render/src/color.test.ts (6 tests) 11ms
 ✓ packages/library/src/restore-journal.test.ts (4 tests) 11ms
 ✓ packages/render/src/graph/recipes.test.ts (21 tests) 9ms
 ✓ packages/render/src/develop/develop-dict.test.ts (10 tests) 6ms
 ✓ packages/providers/src/upscale/upscale-adapter.test.ts (10 tests) 6ms
 ✓ packages/providers/src/provider-unconfigured.test.ts (7 tests) 4ms
 ✓ apps/workbench/src/oracle.test.ts (4 tests) 5ms
 ✓ packages/render/src/source-render.test.ts (1 test) 5ms
 ✓ packages/render/src/export/collision.test.ts (2 tests) 4ms
 ✓ packages/importer/src/embedded.test.ts (3 tests) 4ms
 ✓ packages/library/src/xmp/read.test.ts (4 tests) 4ms
 ✓ packages/render/src/linear-tiff-profile.test.ts (1 test) 4ms
 ✓ packages/render/src/mask-kernels.test.ts (5 tests) 4ms
 ✓ packages/img/src/supported-projection.test.ts (4 tests) 4ms
 ✓ packages/img/src/white-balance.test.ts (2 tests) 3ms
 ✓ packages/library/src/trash.test.ts (1 test) 3ms
 ✓ packages/render/src/graph/projection.test.ts (1 test) 3ms
 ✓ packages/render/src/graph/canvas-support.test.ts (11 tests) 3ms
 ✓ packages/importer/src/scan.test.ts (1 test) 3ms
 ✓ packages/protocol/src/verbs/relight.test.ts (1 test) 3ms
 ✓ packages/render/src/fill/density.test.ts (9 tests) 2ms
 ✓ packages/providers/src/adapters/embedding.test.ts (5 tests) 2ms
 ✓ packages/render/src/coordinates.orientation.test.ts (25 tests) 2ms
 ✓ packages/protocol/src/hash-protocol.test.ts (1 test) 1ms
 ✓ packages/render/src/graph/canvas.test.ts (3 tests) 2ms
 ✓ packages/render/src/fill/external-pixels.test.ts (1 test) 2ms
 ✓ packages/providers/src/model-table.test.ts (4 tests) 2ms
 ✓ packages/render/src/linear-tiff.test.ts (1 test) 2ms
 ✓ packages/commands/src/daemon-client.test.ts (10 tests) 1ms
 ✓ packages/render/src/fill/upscale-policy.test.ts (6 tests) 2ms
 ✓ packages/render/src/develop/stats.test.ts (2 tests) 1ms
 ✓ packages/commands/src/errors.test.ts (8 tests) 1ms
 ✓ apps/workbench/src/sheet.test.ts (2 tests) 1ms
 ✓ packages/render/src/export/template.test.ts (2 tests) 1ms
 ✓ packages/providers/src/cost.test.ts (3 tests) 1ms
 ✓ packages/render/src/transforms.test.ts (1 test) 1ms
 ✓ apps/cli/src/output.test.ts (1 test) 1ms
 ✓ packages/library/src/search/rrf.test.ts (2 tests) 1ms
 ✓ packages/providers/src/prompts/upscale.test.ts (1 test) 1ms
 ✓ packages/protocol/src/envelope.test.ts (4 tests) 1ms
 ✓ packages/providers/src/relight-template.test.ts (1 test) 1ms

 Test Files  201 passed (201)
      Tests  1095 passed (1095)
   Start at  10:30:30
   Duration  976.64s (transform 1.91s, setup 0ms, collect 17.91s, tests 941.16s, environment 10ms, prepare 3.66s)

$ cargo test --workspace
warning: libraw-sys@0.22.2: ranlib: warning: 'libphotoctl_libraw.a(8dc2014eb62c13dc-rawspeed_glue.o)' has no symbols
warning: libraw-sys@0.22.2: ranlib: warning: 'libphotoctl_libraw.a(8dc2014eb62c13dc-rawspeed_glue.o)' has no symbols
warning: libraw-sys@0.22.2: ranlib: warning: 'libphotoctl_libraw.a(8dc2014eb62c13dc-rawspeed_glue.o)' has no symbols
warning: libraw-sys@0.22.2: ranlib: warning: 'libphotoctl_libraw.a(e1b66968ee936791-apply_profile.o)' has no symbols
warning: libraw-sys@0.22.2: ranlib: warning: 'libphotoctl_libraw.a(c2d802da71f94854-x3f_parse_process.o)' has no symbols
warning: libraw-sys@0.22.2: ranlib: warning: 'libphotoctl_libraw.a(c2d802da71f94854-x3f_utils_patched.o)' has no symbols
warning: libraw-sys@0.22.2: ranlib: warning: 'libphotoctl_libraw.a(8dc2014eb62c13dc-rawspeed_glue.o)' has no symbols
warning: libraw-sys@0.22.2: ranlib: warning: 'libphotoctl_libraw.a(e1b66968ee936791-apply_profile.o)' has no symbols
warning: libraw-sys@0.22.2: ranlib: warning: 'libphotoctl_libraw.a(c2d802da71f94854-x3f_parse_process.o)' has no symbols
warning: libraw-sys@0.22.2: ranlib: warning: 'libphotoctl_libraw.a(c2d802da71f94854-x3f_utils_patched.o)' has no symbols
   Compiling photoctl-image v0.1.0 (/Users/david/dev/photoctl/crates/photoctl-image)
warning: struct `PixelFrameTransform` is never constructed
  --> crates/photoctl-image/src/resample.rs:17:12
   |
17 | pub struct PixelFrameTransform {
   |            ^^^^^^^^^^^^^^^^^^^
   |
   = note: `#[warn(dead_code)]` (part of `#[warn(unused)]`) on by default

warning: struct `FrameTransform` is never constructed
  --> crates/photoctl-image/src/resample.rs:23:8
   |
23 | struct FrameTransform {
   |        ^^^^^^^^^^^^^^

warning: function `project_supported_rgb_pixels` is never used
  --> crates/photoctl-image/src/resample.rs:58:8
   |
58 | pub fn project_supported_rgb_pixels(
   |        ^^^^^^^^^^^^^^^^^^^^^^^^^^^^

warning: struct `SupportedProjectionTask` is never constructed
   --> crates/photoctl-image/src/resample.rs:101:12
    |
101 | pub struct SupportedProjectionTask {
    |            ^^^^^^^^^^^^^^^^^^^^^^^

warning: `photoctl-image` (lib test) generated 4 warnings
    Finished `test` profile [unoptimized + debuginfo] target(s) in 1.83s
     Running unittests src/lib.rs (target/debug/deps/libraw_sys-be1c24c7e71726e2)

running 9 tests
test tests::saturation_support_requires_actual_three_color_sensor_metadata ... ok
test interpolation_tests::complete_rgb_dng_preserves_every_channel_exactly ... ok
test interpolation_tests::invalid_actual_gain_and_non_bayer_phase_are_rejected ... ok
test tests::probes_a7c2_with_the_pinned_libraw_matrix_and_compression_tag ... ok
test interpolation_tests::constant_colored_cfa_preserves_distinct_camera_channels ... ok
test interpolation_tests::measured_cfa_and_fractional_interpolated_headroom_survive ... ok
test interpolation_tests::unequal_cfa_sensitivity_does_not_invent_neutral_fine_detail_chroma ... ok
test tests::reduced_sony_rgb_preserves_cream_label_at_native_resolution ... ok
test tests::decodes_a7c2_as_oriented_camera_space_without_white_balance ... ok

test result: ok. 9 passed; 0 failed; 0 ignored; 0 measured; 0 filtered out; finished in 0.64s

     Running unittests src/lib.rs (target/debug/deps/photoctl_image-bea3c8914cb0532b)

running 78 tests
test develop::noise_reduction::tests::rolling_distance_roundoff_stays_finite_and_nonnegative ... ok
test develop::tests::display_transfer_reflects_negative_linear_values ... ok
test develop::tests::global_contrast_uses_ocio_scene_linear_power_about_point_eighteen ... ok
test develop::tests::filter_strength_is_an_exact_linear_blend_of_recipe_data ... ok
test develop::tests::black_and_white_controls_share_monochrome_deterministic_grain ... ok
test develop::tests::highlights_follow_a_smooth_bright_luminance_mask ... ok
test develop::tests::brilliance_uses_a_fixed_thirty_one_pixel_local_light_map ... ok
test develop::tests::global_saturation_preserves_rec2020_luminance ... ok
test develop::tests::global_exposure_is_one_stop_per_unit_in_scene_linear_space ... ok
test develop::tests::global_saturation_uses_ocio_luminance_mix ... ok
test develop::tests::global_black_point_moves_the_black_pivot_while_preserving_white ... ok
test develop::tests::display_conversion_maps_srgb_primaries_into_rec2020 ... ok
test develop::tests::definition_radius_is_three_percent_of_the_long_edge ... ok
test develop::tests::global_brightness_is_an_ocio_primary_offset ... ok
test develop::tests::levels_apply_midpoint_gamma_without_clipping_extended_samples ... ok
test develop::tests::camera_front_inverts_libraws_row_normalized_cam_xyz_convention ... ok
test develop::tests::local_contrast_has_one_fixed_operator_order ... ok
test develop::tests::native_filter_boundary_rejects_unknown_recipe_names ... ok
test develop::tests::local_contrast_preserves_flat_extended_scene_linear_fields ... ok
test develop::tests::neutral_fit_recovers_known_controls_on_both_axes ... ok
test develop::tests::pointwise_color_transforms_reuse_the_owned_pixel_allocation ... ok
test develop::tests::scene_linear_curve_uses_the_ocio_log_encoding_without_clipping ... ok
test develop::tests::shadows_follow_a_smooth_dark_luminance_mask ... ok
test develop::tests::sharpen_uses_a_one_pixel_radius ... ok
test develop::tests::spatial_develop_rejects_dimensions_that_do_not_describe_the_buffer ... ok
test develop::tests::color_nlm_reduces_chroma_noise_without_moving_luminance ... ok
test develop::tests::vibrance_weights_low_saturation_and_protects_skin_hues ... ok
test develop::tests::definition_preserves_a_full_resolution_long_edge_flat_field ... ok
test develop::tests::tint_and_cast_move_opposite_green_magenta_axes ... ok
test develop::tests::white_balance_is_continuous_at_d65_zero ... ok
test develop::tests::white_balance_uses_bradford_adaptation_in_rec2020 ... ok
test develop::tests::luminance_nlm_reduces_impulse_noise_without_moving_chroma ... ok
test heal::tests::rejects_invalid_public_inputs ... ok
test heal::tests::fast_marching_harmonic_fill_changes_only_the_mask_and_is_deterministic ... ok
test highlight::tests::physical_cells_survive_all_affine_orientations_and_leave_partial_edges_untouched ... ok
test highlight::tests::ratio_evidence_preserves_reliable_fractional_samples_and_float_headroom ... ok
test mask::tests::composite_preserves_every_zero_coverage_sample_bit_exactly ... ok
test draw::tests::text_rasterization_budget_rejects_pathological_glyph_work ... ok
test mask::tests::composite_reuses_the_owned_frame_allocation ... ok
test mask::tests::asymmetric_morphology_uses_a_square_zero_outside_footprint ... ok
test mask::tests::hard_coverage_keeps_half_coverage_and_support_keeps_every_positive_sample ... ok
test mask::tests::lift_zeros_the_exterior_and_preserves_selected_rgb_values ... ok
test resample::tests::affine_integer_sampling_interpolates_inside_and_zero_pads_unseen_context ... ok
test resample::tests::affine_filter_work_is_axis_bounded_and_independent_of_channels ... ok
test resample::tests::affine_integer_sampling_preserves_quarter_turn_coordinates ... ok
test resample::tests::anchored_scale_maps_destination_and_source_pixel_centers ... ok
test resample::tests::bilinear_resizes_an_asymmetric_grid_at_pixel_centers ... ok
test resample::tests::four_quarter_turns_restore_every_sample ... ok
test resample::tests::fractional_translation_filters_the_part_of_an_edge_footprint_still_in_bounds ... ok
test highlight::tests::missing_evidence_terminates_and_propagation_has_a_finite_native_radius ... ok
test resample::tests::horizontal_flip_moves_samples_exactly_without_filtering ... ok
test resample::tests::integer_region_resample_maps_centers_inside_the_selected_crop ... ok
test resample::tests::integer_shear_still_filters_between_pixel_centers ... ok
test resample::tests::lanczos3_downsamples_an_asymmetric_row_with_scaled_support ... ok
test resample::tests::lanczos3_transform_rejects_an_unbounded_kernel ... ok
test resample::tests::lanczos3_transform_scales_its_support_when_reducing ... ok
test resample::tests::tiny_positive_scale_remains_an_invertible_bilinear_transform ... ok
test resample::tests::transform_rejects_a_determinant_or_inverse_that_overflows ... ok
test sam2::tests::upsamples_logits_and_thresholds_at_zero_in_base_coordinates ... ok
test sam2_diagnostics::tests::oversized_fields_keep_valid_utf8_and_report_truncation ... ok
test tests::solid_rgb_repeats_the_exact_asymmetric_triplet ... ok
test sam2_diagnostics::tests::retained_diagnostics_are_bounded_and_overflow_is_observable_once ... ok
test tone_curve::tests::steep_adjacent_controls_keep_every_spline_segment_finite ... ok
test tests::decoded_camera_front_transfers_its_owned_allocation_and_exact_samples ... ok
test resample::tests::extreme_reduction_aggregates_clamped_edge_contributors ... ok
test develop::tests::neutral_fit_beats_exhaustive_grid_for_each_limited_axis_and_corner ... ok
test publication::tests::installs_a_sibling_file_without_replacement ... ok
test heal::tests::harmonic_refinement_reconstructs_a_linear_gradient ... ok
test publication::tests::preserves_an_existing_destination_and_source ... ok
test resample::tests::affine_weight_reuse_preserves_float_words_across_geometry_and_channels ... ok
test horizon::tests::abstains_on_blank_and_competing_long_lines ... ok
test horizon::tests::maps_anisotropic_pixels_and_searches_the_full_composed_control_range ... ok
test sam2::tests::returns_multiple_requested_outputs_from_one_session_run ... ok
test sam2::tests::constructs_cpu_sessions_from_caller_supplied_onnx_bytes ... ok
test draw::tests::rectangle_preserves_every_uncovered_sample_exactly ... ok
test draw::tests::every_public_primitive_rasterizes_with_the_bundled_font ... ok
test horizon::tests::recovers_signed_angles_across_range_scale_position_and_contrast ... ok
test tests::decodes_the_libraw_fixture_at_the_requested_scale ... ok

test result: ok. 78 passed; 0 failed; 0 ignored; 0 measured; 0 filtered out; finished in 0.67s

   Doc-tests libraw_sys

running 0 tests

test result: ok. 0 passed; 0 failed; 0 ignored; 0 measured; 0 filtered out; finished in 0.00s

 Image test-gateway-fixture Building 
#1 [internal] load local bake definitions
#1 reading from stdin 562B done
#1 DONE 0.0s

#2 [internal] load build definition from Dockerfile
#2 transferring dockerfile: 2.68kB done
#2 DONE 0.0s

#3 [internal] load metadata for docker.io/oven/bun:1.3.14
#3 DONE 0.0s

#4 [internal] load metadata for docker.io/library/node:24-trixie
#4 DONE 0.0s

#5 [internal] load .dockerignore
#5 transferring context: 138B done
#5 DONE 0.0s

#6 [bun 1/1] FROM docker.io/oven/bun:1.3.14@sha256:e10577f0db68676a7024391c6e5cb4b879ebd17188ab750cf10024a6d700e5c4
#6 resolve docker.io/oven/bun:1.3.14@sha256:e10577f0db68676a7024391c6e5cb4b879ebd17188ab750cf10024a6d700e5c4 done
#6 DONE 0.0s

#7 [built  1/28] FROM docker.io/library/node:24-trixie@sha256:f7d34e58713740f9eef9092c0bd6ff10369d132f7238399a4b270f16d47fa608
#7 resolve docker.io/library/node:24-trixie@sha256:f7d34e58713740f9eef9092c0bd6ff10369d132f7238399a4b270f16d47fa608 done
#7 DONE 0.0s

#8 [internal] load build context
#8 transferring context: 30.82MB 0.3s done
#8 DONE 0.3s

#9 [built 24/28] COPY packages/render/package.json packages/render/package.json
#9 CACHED

#10 [built 20/28] COPY packages/img-linux-x64-gnu/package.json packages/img-linux-x64-gnu/package.json
#10 CACHED

#11 [built 15/28] COPY packages/library/package.json packages/library/package.json
#11 CACHED

#12 [built 18/28] COPY packages/img-darwin-x64/package.json packages/img-darwin-x64/package.json
#12 CACHED

#13 [built 21/28] COPY packages/mac-helper/package.json packages/mac-helper/package.json
#13 CACHED

#14 [built 10/28] COPY apps/daemon/package.json apps/daemon/package.json
#14 CACHED

#15 [built  3/28] RUN apt-get update && apt-get install -y --no-install-recommends clang gcc-14 g++-14 cmake ninja-build python3 git curl ca-certificates && rm -rf /var/lib/apt/lists/*  && curl -fsSL --retry 10 --retry-all-errors https://sh.rustup.rs | RUSTUP_MAX_RETRIES=10 sh -s -- -y --profile minimal
#15 CACHED

#16 [built  5/28] COPY crates/photoctl-image/ort crates/photoctl-image/ort
#16 CACHED

#17 [built 17/28] COPY packages/img-darwin-arm64/package.json packages/img-darwin-arm64/package.json
#17 CACHED

#18 [built 23/28] COPY packages/mac-helper-darwin-x64/package.json packages/mac-helper-darwin-x64/package.json
#18 CACHED

#19 [built 22/28] COPY packages/mac-helper-darwin-arm64/package.json packages/mac-helper-darwin-arm64/package.json
#19 CACHED

#20 [built 16/28] COPY packages/img/package.json packages/img/package.json
#20 CACHED

#21 [built 19/28] COPY packages/img-linux-arm64-gnu/package.json packages/img-linux-arm64-gnu/package.json
#21 CACHED

#22 [built  7/28] COPY package.json bun.lock* bunfig.toml ./
#22 CACHED

#23 [built  2/28] COPY --from=bun /usr/local/bin/bun /usr/local/bin/bun
#23 CACHED

#24 [built  8/28] COPY apps/cli/package.json apps/cli/package.json
#24 CACHED

#25 [built  6/28] RUN python3 crates/photoctl-image/ort/prepare.py --target "$(rustc -vV | sed -n 's/^host: //p')" --cache /workspace/target/ort-runtime
#25 CACHED

#26 [built 14/28] COPY packages/importer/package.json packages/importer/package.json
#26 CACHED

#27 [built  4/28] WORKDIR /workspace
#27 CACHED

#28 [built  9/28] COPY apps/workbench/package.json apps/workbench/package.json
#28 CACHED

#29 [built 13/28] COPY packages/commands/package.json packages/commands/package.json
#29 CACHED

#30 [built 12/28] COPY packages/providers/package.json packages/providers/package.json
#30 CACHED

#31 [built 25/28] COPY packages/test-harness/package.json packages/test-harness/package.json
#31 CACHED

#32 [built 11/28] COPY packages/protocol/package.json packages/protocol/package.json
#32 CACHED

#33 [built 26/28] RUN bun install --frozen-lockfile
#33 CACHED

#34 [built 27/28] COPY . .
#34 DONE 3.5s

#35 [built 28/28] RUN bun run build
#35 0.127 $ bun run build:ts && bun run build:rust && bun run build:swift
#35 0.129 $ turbo run build
#35 0.174 
#35 0.174 Attention:
#35 0.174 Turborepo now collects completely anonymous telemetry regarding usage.
#35 0.174 This information is used to shape the Turborepo roadmap and prioritize features.
#35 0.174 You can learn more, including how to opt-out if you'd not like to participate in this anonymous program, by visiting the following URL:
#35 0.174 https://turborepo.dev/docs/telemetry
#35 0.174 
#35 0.175 • turbo 2.10.12
#35 0.195 
#35 0.195    • Packages in scope: @photoctl/cli, @photoctl/commands, @photoctl/daemon, @photoctl/img, @photoctl/img-darwin-arm64, @photoctl/img-darwin-x64, @photoctl/img-linux-arm64-gnu, @photoctl/img-linux-x64-gnu, @photoctl/importer, @photoctl/library, @photoctl/mac-helper, @photoctl/mac-helper-darwin-arm64, @photoctl/mac-helper-darwin-x64, @photoctl/protocol, @photoctl/providers, @photoctl/render, @photoctl/test-harness, @photoctl/workbench
#35 0.195    • Running build in 18 packages
#35 0.195    • Remote caching disabled
#35 0.195 
#35 0.203 @photoctl/protocol:build: cache miss, executing 3f61febe566edf97
#35 0.203 @photoctl/img:build: cache miss, executing 15db4e39c28c1c5b
#35 0.203 @photoctl/mac-helper:build: cache miss, executing a6ff1242cfe23d5b
#35 0.206 @photoctl/protocol:build: $ tsc -p tsconfig.json
#35 0.207 @photoctl/img:build: $ tsc -p tsconfig.json
#35 0.207 @photoctl/mac-helper:build: $ tsc -p tsconfig.json
#35 0.832 @photoctl/library:build: cache miss, executing b3dc628ef728a76f
#35 0.836 @photoctl/library:build: $ tsc -p tsconfig.json
#35 1.348 @photoctl/test-harness:build: cache miss, executing 3724a04328686f6e
#35 1.353 @photoctl/test-harness:build: $ tsc -p tsconfig.json
#35 1.756 @photoctl/providers:build: cache miss, executing 049ce031f8820909
#35 1.761 @photoctl/providers:build: $ tsc -p tsconfig.json
#35 2.336 @photoctl/render:build: cache miss, executing 99f8bbf55d7ad9ff
#35 2.341 @photoctl/render:build: $ tsc -p tsconfig.json
#35 3.540 @photoctl/importer:build: cache miss, executing 35294b595794ba98
#35 3.540 @photoctl/workbench:build: cache miss, executing 1f1e85b6cbe8641b
#35 3.545 @photoctl/importer:build: $ tsc -p tsconfig.json
#35 3.546 @photoctl/workbench:build: $ tsc -p tsconfig.json
#35 3.997 @photoctl/commands:build: cache miss, executing 5d054b8556ca017c
#35 3.999 @photoctl/commands:build: $ tsc -p tsconfig.json
#35 4.837 @photoctl/daemon:build: cache miss, executing fcd7de8390a3c88e
#35 4.842 @photoctl/daemon:build: $ tsc -p tsconfig.json
#35 5.337 @photoctl/cli:build: cache miss, executing c211b865e6914b41
#35 5.342 @photoctl/cli:build: $ tsc -p tsconfig.json
#35 5.725 
#35 5.725  Tasks:    12 successful, 12 total
#35 5.725 Cached:    0 cached, 12 total
#35 5.725   Time:    5.547s 
#35 5.725 
#35 5.731 $ cargo test --workspace --no-run && cargo build -p photoctl-image && node scripts/package-native.mjs
#35 5.884     Updating crates.io index
#35 10.03  Downloading crates ...
#35 10.13   Downloaded foreign-types-shared v0.1.1
#35 10.15   Downloaded foreign-types v0.3.2
#35 10.16   Downloaded futures v0.3.34
#35 10.17   Downloaded core_maths v0.1.1
#35 10.17   Downloaded napi-sys v3.3.0
#35 10.18   Downloaded equivalent v1.0.2
#35 10.18   Downloaded cfg-if v1.0.4
#35 10.20   Downloaded napi-build v2.4.1
#35 10.20   Downloaded openssl-macros v0.1.1
#35 10.21   Downloaded hmac-sha256 v1.1.14
#35 10.22   Downloaded nohash-hasher v0.2.0
#35 10.22   Downloaded percent-encoding v2.3.2
#35 10.23   Downloaded futures-sink v0.3.34
#35 10.23   Downloaded futures-macro v0.3.34
#35 10.23   Downloaded futures-task v0.3.34
#35 10.25   Downloaded rustc-hash v2.1.3
#35 10.26   Downloaded rawpointer v0.2.1
#35 10.26   Downloaded utf8-zero v0.8.1
#35 10.26   Downloaded futures-core v0.3.34
#35 10.26   Downloaded itoa v1.0.18
#35 10.26   Downloaded socks v0.3.4
#35 10.27   Downloaded openssl-probe v0.2.1
#35 10.27   Downloaded napi-derive v3.6.3
#35 10.27   Downloaded autocfg v1.5.1
#35 10.27   Downloaded pin-project-lite v0.2.17
#35 10.28   Downloaded slab v0.4.12
#35 10.28   Downloaded pkg-config v0.3.34
#35 10.28   Downloaded num-complex v0.4.6
#35 10.29   Downloaded glob v0.3.4
#35 10.29   Downloaded foldhash v0.1.5
#35 10.29   Downloaded native-tls v0.2.18
#35 10.29   Downloaded shlex v2.0.1
#35 10.29   Downloaded pem-rfc7468 v1.0.0
#35 10.30   Downloaded base64ct v1.8.3
#35 10.30   Downloaded zmij v1.0.23
#35 10.30   Downloaded byteorder v1.5.0
#35 10.30   Downloaded futures-io v0.3.34
#35 10.30   Downloaded smallvec v1.16.0
#35 10.31   Downloaded futures-executor v0.3.34
#35 10.31   Downloaded convert_case v0.11.0
#35 10.31   Downloaded num-integer v0.1.47
#35 10.32   Downloaded futures-channel v0.3.34
#35 10.33   Downloaded once_cell v1.21.4
#35 10.33   Downloaded zeroize v1.9.0
#35 10.33   Downloaded ctor v1.0.13
#35 10.34   Downloaded httparse v1.10.1
#35 10.34   Downloaded libloading v0.9.0
#35 10.34   Downloaded quote v1.0.47
#35 10.34   Downloaded semver v1.0.28
#35 10.34   Downloaded find-msvc-tools v0.1.12
#35 10.35   Downloaded napi-derive-backend v6.1.2
#35 10.38   Downloaded serde_core v1.0.229
#35 10.38   Downloaded tracing-core v0.1.36
#35 10.38   Downloaded num-traits v0.2.19
#35 10.39   Downloaded serde_derive v1.0.229
#35 10.39   Downloaded matrixmultiply v0.3.11
#35 10.39   Downloaded allocator-api2 v0.2.21
#35 10.39   Downloaded unicode-ident v1.0.24
#35 10.39   Downloaded bitflags v2.13.1
#35 10.40   Downloaded log v0.4.34
#35 10.40   Downloaded rustls-pki-types v1.15.1
#35 10.41   Downloaded proc-macro2 v1.0.107
#35 10.41   Downloaded ureq-proto v0.6.1
#35 10.42   Downloaded ort-sys v2.0.0-rc.13
#35 10.43   Downloaded openssl-sys v0.9.117
#35 10.43   Downloaded serde v1.0.229
#35 10.43   Downloaded bytes v1.12.1
#35 10.44   Downloaded base64 v0.23.1
#35 10.44   Downloaded cc v1.4.5
#35 10.45   Downloaded memchr v2.8.3
#35 10.46   Downloaded http v1.5.0
#35 10.51   Downloaded fontdue v0.9.4
#35 10.52   Downloaded unicode-segmentation v1.13.3
#35 10.53   Downloaded der v0.8.1
#35 10.53   Downloaded ureq v3.4.0
#35 10.54   Downloaded webpki-root-certs v1.0.9
#35 10.54   Downloaded ort v2.0.0-rc.13
#35 10.54   Downloaded libm v0.2.16
#35 10.55   Downloaded hashbrown v0.15.5
#35 10.55   Downloaded futures-util v0.3.34
#35 10.57   Downloaded serde_json v1.0.151
#35 10.58   Downloaded ttf-parser v0.25.1
#35 10.59   Downloaded napi v3.12.2
#35 10.59   Downloaded vcpkg v0.2.15
#35 10.61   Downloaded ndarray v0.17.2
#35 10.62   Downloaded lzma-rust2 v0.15.8
#35 10.62   Downloaded syn v2.0.119
#35 10.63   Downloaded openssl v0.10.81
#35 10.63   Downloaded syn v3.0.4
#35 10.64   Downloaded tracing v0.1.44
#35 10.65   Downloaded libc v0.2.189
#35 10.70    Compiling proc-macro2 v1.0.107
#35 10.70    Compiling quote v1.0.47
#35 10.70    Compiling unicode-ident v1.0.24
#35 10.70    Compiling shlex v2.0.1
#35 10.70    Compiling find-msvc-tools v0.1.12
#35 10.70    Compiling vcpkg v0.2.15
#35 10.70    Compiling pkg-config v0.3.34
#35 10.71    Compiling libc v0.2.189
#35 10.71    Compiling cfg-if v1.0.4
#35 10.71    Compiling autocfg v1.5.1
#35 10.71    Compiling httparse v1.10.1
#35 10.71    Compiling foreign-types-shared v0.1.1
#35 10.71    Compiling itoa v1.0.18
#35 10.71    Compiling bitflags v2.13.1
#35 10.71    Compiling zeroize v1.9.0
#35 10.71    Compiling openssl v0.10.81
#35 10.71    Compiling bytes v1.12.1
#35 10.71    Compiling log v0.4.34
#35 10.78    Compiling foreign-types v0.3.2
#35 10.78    Compiling base64ct v1.8.3
#35 10.80    Compiling native-tls v0.2.18
#35 10.82    Compiling cc v1.4.5
#35 10.82    Compiling rustls-pki-types v1.15.1
#35 10.83    Compiling openssl-probe v0.2.1
#35 10.83    Compiling base64 v0.23.1
#35 10.85    Compiling byteorder v1.5.0
#35 10.85    Compiling glob v0.3.4
#35 10.85    Compiling percent-encoding v2.3.2
#35 10.88    Compiling utf8-zero v0.8.1
#35 10.94    Compiling pem-rfc7468 v1.0.0
#35 10.95    Compiling pin-project-lite v0.2.17
#35 10.95    Compiling napi-build v2.4.1
#35 10.95    Compiling num-traits v0.2.19
#35 10.95    Compiling futures-core v0.3.34
#35 10.95    Compiling futures-sink v0.3.34
#35 10.96    Compiling libm v0.2.16
#35 10.97    Compiling http v1.5.0
#35 10.98    Compiling webpki-root-certs v1.0.9
#35 10.98    Compiling hmac-sha256 v1.1.14
#35 10.99    Compiling lzma-rust2 v0.15.8
#35 10.99    Compiling memchr v2.8.3
#35 11.00    Compiling futures-channel v0.3.34
#35 11.01    Compiling der v0.8.1
#35 11.02    Compiling matrixmultiply v0.3.11
#35 11.03    Compiling slab v0.4.12
#35 11.04    Compiling futures-io v0.3.34
#35 11.05    Compiling futures-task v0.3.34
#35 11.06    Compiling serde_core v1.0.229
#35 11.07    Compiling rawpointer v0.2.1
#35 11.08    Compiling once_cell v1.21.4
#35 11.09    Compiling zmij v1.0.23
#35 11.10    Compiling unicode-segmentation v1.13.3
#35 11.10    Compiling napi v3.12.2
#35 11.10    Compiling libloading v0.9.0
#35 11.11    Compiling semver v1.0.28
#35 11.14    Compiling serde_json v1.0.151
#35 11.17    Compiling tracing-core v0.1.36
#35 11.20    Compiling foldhash v0.1.5
#35 11.21    Compiling serde v1.0.229
#35 11.25    Compiling convert_case v0.11.0
#35 11.26    Compiling ctor v1.0.13
#35 11.27    Compiling allocator-api2 v0.2.21
#35 11.27    Compiling equivalent v1.0.2
#35 11.30    Compiling napi-sys v3.3.0
#35 11.31    Compiling photoctl-image v0.1.0 (/workspace/crates/photoctl-image)
#35 11.34    Compiling syn v2.0.119
#35 11.35    Compiling syn v3.0.4
#35 11.36    Compiling ureq-proto v0.6.1
#35 11.37    Compiling tracing v0.1.44
#35 11.38    Compiling num-integer v0.1.47
#35 11.39    Compiling num-complex v0.4.6
#35 11.41    Compiling socks v0.3.4
#35 11.41    Compiling hashbrown v0.15.5
#35 11.43    Compiling smallvec v1.16.0
#35 11.44    Compiling rustc-hash v2.1.3
#35 11.44    Compiling nohash-hasher v0.2.0
#35 11.51    Compiling core_maths v0.1.1
#35 11.53    Compiling openssl-sys v0.9.117
#35 11.53    Compiling libraw-sys v0.22.2 (/workspace/crates/libraw-sys)
#35 11.53    Compiling ndarray v0.17.2
#35 11.54    Compiling ttf-parser v0.25.1
#35 11.98    Compiling fontdue v0.9.4
#35 12.32    Compiling futures-macro v0.3.34
#35 12.32    Compiling serde_derive v1.0.229
#35 12.43    Compiling napi-derive-backend v6.1.2
#35 12.59    Compiling openssl-macros v0.1.1
#35 12.62    Compiling futures-util v0.3.34
#35 13.07    Compiling napi-derive v3.6.3
#35 13.41    Compiling futures-executor v0.3.34
#35 13.45    Compiling futures v0.3.34
#35 13.66    Compiling ureq v3.4.0
#35 14.02    Compiling ort-sys v2.0.0-rc.13
#35 14.35    Compiling ort v2.0.0-rc.13
#35 33.64 warning: struct `PixelFrameTransform` is never constructed
#35 33.64   --> crates/photoctl-image/src/resample.rs:17:12
#35 33.64    |
#35 33.64 17 | pub struct PixelFrameTransform {
#35 33.64    |            ^^^^^^^^^^^^^^^^^^^
#35 33.64    |
#35 33.64    = note: `#[warn(dead_code)]` (part of `#[warn(unused)]`) on by default
#35 33.64 
#35 33.64 warning: struct `FrameTransform` is never constructed
#35 33.64   --> crates/photoctl-image/src/resample.rs:23:8
#35 33.64    |
#35 33.64 23 | struct FrameTransform {
#35 33.64    |        ^^^^^^^^^^^^^^
#35 33.64 
#35 33.64 warning: function `project_supported_rgb_pixels` is never used
#35 33.64   --> crates/photoctl-image/src/resample.rs:58:8
#35 33.64    |
#35 33.64 58 | pub fn project_supported_rgb_pixels(
#35 33.64    |        ^^^^^^^^^^^^^^^^^^^^^^^^^^^^
#35 33.64 
#35 33.64 warning: struct `SupportedProjectionTask` is never constructed
#35 33.64    --> crates/photoctl-image/src/resample.rs:101:12
#35 33.64     |
#35 33.64 101 | pub struct SupportedProjectionTask {
#35 33.64     |            ^^^^^^^^^^^^^^^^^^^^^^^
#35 33.64 
#35 35.82 warning: `photoctl-image` (lib test) generated 4 warnings
#35 35.82     Finished `test` profile [unoptimized + debuginfo] target(s) in 30.04s
#35 35.83   Executable unittests src/lib.rs (target/debug/deps/libraw_sys-26351d78b211e588)
#35 35.83   Executable unittests src/lib.rs (target/debug/deps/photoctl_image-1f11dd254271e10d)
#35 35.87    Compiling photoctl-image v0.1.0 (/workspace/crates/photoctl-image)
#35 38.76     Finished `dev` profile [unoptimized + debuginfo] target(s) in 2.92s
#35 38.80 Packaged packages/img-linux-arm64-gnu/photoctl-image.linux-arm64-gnu.node
#35 38.81 $ if [ "$(uname -s)" = Darwin ]; then swift build --package-path helpers/mac && node scripts/package-helper.mjs; else echo 'Swift build skipped (non-macOS)'; fi
#35 38.81 Swift build skipped (non-macOS)
#35 DONE 39.0s

#36 exporting to image
#36 exporting layers
#36 exporting layers 26.8s done
#36 exporting manifest sha256:d5702d0b23a280f948638c5ab189f36a8ae945cbdad5b74d0a3e47b06bc2adbc done
#36 exporting config sha256:3a7441b1fbcc5962f92f9e28b830331448291923a1f620982583564e9eb3936f done
#36 exporting attestation manifest sha256:b981071dc9172089be29433eedcd5454be7467363fef19a72f45eb234ab871b3 done
#36 exporting manifest list sha256:e845494e2d3d93088605ce8f28e23bcf41676a926e0567efb969e36a1db399a8 done
#36 naming to docker.io/library/test-gateway-fixture:latest done
#36 unpacking to docker.io/library/test-gateway-fixture:latest
#36 unpacking to docker.io/library/test-gateway-fixture:latest 7.6s done
#36 DONE 34.7s

#37 resolving provenance for metadata file
#37 DONE 0.1s
 Image test-gateway-fixture Built 
 Container test-gateway-fixture-1 Recreate 
 Container test-gateway-fixture-1 Recreated 
 Container test-gateway-fixture-1 Starting 
 Container test-gateway-fixture-1 Started 
 Image test-gateway-fixture Building 
 Image test-functional Building 
#1 [internal] load local bake definitions
#1 reading from stdin 1.09kB done
#1 DONE 0.0s

#2 [internal] load build definition from Dockerfile
#2 transferring dockerfile: 2.68kB done
#2 DONE 0.0s

#3 [internal] load metadata for docker.io/oven/bun:1.3.14
#3 DONE 0.0s

#4 [internal] load metadata for docker.io/library/node:24-trixie
#4 DONE 0.0s

#5 [internal] load .dockerignore
#5 transferring context: 138B done
#5 DONE 0.0s

#6 [bun 1/1] FROM docker.io/oven/bun:1.3.14@sha256:e10577f0db68676a7024391c6e5cb4b879ebd17188ab750cf10024a6d700e5c4
#6 resolve docker.io/oven/bun:1.3.14@sha256:e10577f0db68676a7024391c6e5cb4b879ebd17188ab750cf10024a6d700e5c4 done
#6 DONE 0.0s

#7 [built  1/28] FROM docker.io/library/node:24-trixie@sha256:f7d34e58713740f9eef9092c0bd6ff10369d132f7238399a4b270f16d47fa608
#7 resolve docker.io/library/node:24-trixie@sha256:f7d34e58713740f9eef9092c0bd6ff10369d132f7238399a4b270f16d47fa608 done
#7 DONE 0.0s

#8 [internal] load build context
#8 transferring context: 472.66kB 0.1s done
#8 DONE 0.1s

#9 [built 13/28] COPY packages/commands/package.json packages/commands/package.json
#9 CACHED

#10 [built 12/28] COPY packages/providers/package.json packages/providers/package.json
#10 CACHED

#11 [built 17/28] COPY packages/img-darwin-arm64/package.json packages/img-darwin-arm64/package.json
#11 CACHED

#12 [built 14/28] COPY packages/importer/package.json packages/importer/package.json
#12 CACHED

#13 [built  5/28] COPY crates/photoctl-image/ort crates/photoctl-image/ort
#13 CACHED

#14 [built 11/28] COPY packages/protocol/package.json packages/protocol/package.json
#14 CACHED

#15 [built 25/28] COPY packages/test-harness/package.json packages/test-harness/package.json
#15 CACHED

#16 [built 27/28] COPY . .
#16 CACHED

#17 [built 24/28] COPY packages/render/package.json packages/render/package.json
#17 CACHED

#18 [built 19/28] COPY packages/img-linux-arm64-gnu/package.json packages/img-linux-arm64-gnu/package.json
#18 CACHED

#19 [built  9/28] COPY apps/workbench/package.json apps/workbench/package.json
#19 CACHED

#20 [built 23/28] COPY packages/mac-helper-darwin-x64/package.json packages/mac-helper-darwin-x64/package.json
#20 CACHED

#21 [built  6/28] RUN python3 crates/photoctl-image/ort/prepare.py --target "$(rustc -vV | sed -n 's/^host: //p')" --cache /workspace/target/ort-runtime
#21 CACHED

#22 [built 26/28] RUN bun install --frozen-lockfile
#22 CACHED

#23 [built 21/28] COPY packages/mac-helper/package.json packages/mac-helper/package.json
#23 CACHED

#24 [built  4/28] WORKDIR /workspace
#24 CACHED

#25 [built 15/28] COPY packages/library/package.json packages/library/package.json
#25 CACHED

#26 [built 16/28] COPY packages/img/package.json packages/img/package.json
#26 CACHED

#27 [built  3/28] RUN apt-get update && apt-get install -y --no-install-recommends clang gcc-14 g++-14 cmake ninja-build python3 git curl ca-certificates && rm -rf /var/lib/apt/lists/*  && curl -fsSL --retry 10 --retry-all-errors https://sh.rustup.rs | RUSTUP_MAX_RETRIES=10 sh -s -- -y --profile minimal
#27 CACHED

#28 [built 20/28] COPY packages/img-linux-x64-gnu/package.json packages/img-linux-x64-gnu/package.json
#28 CACHED

#29 [built  8/28] COPY apps/cli/package.json apps/cli/package.json
#29 CACHED

#30 [built 18/28] COPY packages/img-darwin-x64/package.json packages/img-darwin-x64/package.json
#30 CACHED

#31 [built  2/28] COPY --from=bun /usr/local/bin/bun /usr/local/bin/bun
#31 CACHED

#32 [built 10/28] COPY apps/daemon/package.json apps/daemon/package.json
#32 CACHED

#33 [built 22/28] COPY packages/mac-helper-darwin-arm64/package.json packages/mac-helper-darwin-arm64/package.json
#33 CACHED

#34 [built  7/28] COPY package.json bun.lock* bunfig.toml ./
#34 CACHED

#35 [built 28/28] RUN bun run build
#35 CACHED

#36 [models 1/1] RUN test -n "http://host.docker.internal:55009"  && node scripts/fetch-models.mjs "http://host.docker.internal:55009" /opt/photoctl/models
#36 0.592 fetched encoder.onnx 113d37e2911d63f84c16daa4944260382741738dec80248bfd7adea8a796311e
#36 0.592 fetched decoder.onnx be578ee71ad617050c9266b5c36f046302e8333a9e1d351f113848327b0f339d
#36 DONE 0.6s

#37 exporting to image
#37 exporting layers
#37 exporting layers 2.2s done
#37 exporting manifest sha256:742acb57ff00e5b8653c67e14e33b69dc95a8299cec11a913795fc06f9edfd68 done
#37 exporting config sha256:007cb83438e57709b9f1b97f55fef14b5576de9aa087ab93259d34a9bbeee51c done
#37 exporting attestation manifest sha256:b9dcac6277be7a1704c2a30e7a9b9fb01553cb7c06356abc7a1fe45f116e8eda 0.0s done
#37 exporting manifest list sha256:b39c213bc57f2129dae35a494879a317088840aa53ffb6ad3505ae87333aff56 done
#37 naming to docker.io/library/test-functional:latest done
#37 unpacking to docker.io/library/test-functional:latest
#37 unpacking to docker.io/library/test-functional:latest 0.5s done
#37 DONE 2.8s

#38 resolving provenance for metadata file
#38 DONE 0.0s
 Image test-functional Built 
 Container test-functional-run-686305f93d1b Creating 
 Container test-functional-run-686305f93d1b Created 
$ bun run build:rust && vitest run --config vitest.config.ts
$ cargo test --workspace --no-run && cargo build -p photoctl-image && node scripts/package-native.mjs
warning: struct `PixelFrameTransform` is never constructed
  --> crates/photoctl-image/src/resample.rs:17:12
   |
17 | pub struct PixelFrameTransform {
   |            ^^^^^^^^^^^^^^^^^^^
   |
   = note: `#[warn(dead_code)]` (part of `#[warn(unused)]`) on by default

warning: struct `FrameTransform` is never constructed
  --> crates/photoctl-image/src/resample.rs:23:8
   |
23 | struct FrameTransform {
   |        ^^^^^^^^^^^^^^

warning: function `project_supported_rgb_pixels` is never used
  --> crates/photoctl-image/src/resample.rs:58:8
   |
58 | pub fn project_supported_rgb_pixels(
   |        ^^^^^^^^^^^^^^^^^^^^^^^^^^^^

warning: struct `SupportedProjectionTask` is never constructed
   --> crates/photoctl-image/src/resample.rs:101:12
    |
101 | pub struct SupportedProjectionTask {
    |            ^^^^^^^^^^^^^^^^^^^^^^^

warning: `photoctl-image` (lib test) generated 4 warnings
    Finished `test` profile [unoptimized + debuginfo] target(s) in 0.16s
  Executable unittests src/lib.rs (target/debug/deps/libraw_sys-26351d78b211e588)
  Executable unittests src/lib.rs (target/debug/deps/photoctl_image-1f11dd254271e10d)
    Finished `dev` profile [unoptimized + debuginfo] target(s) in 0.02s
Packaged packages/img-linux-arm64-gnu/photoctl-image.linux-arm64-gnu.node

 RUN  v3.2.7 /workspace

 ✓ packages/commands/src/outpaint-canvas.test.ts (28 tests) 27075ms
   ✓ retouch rejects an excluded corner inside a rotated border viewport at straighten 0 without a revision  1102ms
   ✓ retouch rejects an excluded corner inside a rotated border viewport at straighten 5 without a revision  821ms
   ✓ SAM sees source-only pixels in the expanded canvas without reactivating its consumed crop  795ms
   ✓ SAM retains inherited source exclusions after an earlier border is removed  798ms
   ✓ offline SAM grounding retains the canvas viewport at source-only density beside native border pixels  788ms
   ✓ canvas publication rejects mismatched intrinsic pixels without activating a border  693ms
   ✓ a border transform moves its full intrinsic pixels and extent without moving the original interior  809ms
   ✓ a later expansion preserves the complete visible input after an earlier border moves  973ms
   ✓ coincident border copies preserve authored support until the final copy is cleared  837ms
   ✓ border reorder changes overlapping paint without changing the authored canvas or original interior  883ms
   ✓ an arbitrary border rotation moves its ring and hole while original pixels stay fixed  856ms
   ✓ an exterior crop keeps the available offline density instead of inventing full-resolution pixels  869ms
   ✓ a full-density border remains native when only the original source falls back to a smaller preview  993ms
   ✓ an invisible border cannot raise offline sampling inside its transparent hole  774ms
   ✓ shrinking a high-density border inside the original does not enlarge native output sampling  758ms
   ✓ uncovered canvas status survives cached show and skipped export and ignores intentional border opacity  855ms
   ✓ removing the last border retains an exterior crop and makes only unsupported coordinates black  824ms
   ✓ new original-only crops may be partly exterior but reject disjoint and unsafe enlargement before a revision  695ms
   ✓ a new crop validates the visible intersection after its requested aspect constraint  643ms
   ✓ aspect activation restricts the authored canvas without reactivating its consumed crop  1067ms
   ✓ post-border aspect precedes the replaceable orientation tail and restores exact authored pixels  2094ms
   ✓ new crop validation ignores a consumed aspect instead of refusing a visible intersection  735ms
   ✓ auto-enhance and its undo inherit consumed geometry without reactivating restrictions  829ms
   ✓ preset overlays preserve consumed crop while copy and reset explicitly replace its intent  942ms
   ✓ revision undo restores border pixels and consumed geometry after removal and a later crop  835ms
   ✓ a deterministic border expands the cropped rotated photograph and survives ordinary layer edits  1455ms
   ✓ straightened borders preserve inherited exclusions and restore the current controls when disabled  2411ms
   ✓ a post-border local layer retains extension pixels while a pre-border hidden layer stays excluded  936ms
 ✓ packages/render/src/graph/store.test.ts (23 tests) 13026ms
   ✓ strict initial document snapshots admit only one concurrent initializer  777ms
   ✓ photographic revisions derive output from the resolved layer snapshot and refuse competing output intent  577ms
   ✓ geometry intent is an immutable inherited revision root, restored by undo without pixel executions  599ms
   ✓ one revision atomically stores a chain with ordered shared inputs and redirects output  563ms
   ✓ concurrent source document initialization converges on one active revision  554ms
   ✓ logical mutations are immutable, lazy, CAS-protected, and undoable  553ms
   ✓ local cycles and cross-photo edges roll back without partial graph state  548ms
   ✓ the same logical recipe is valid in two photo-scoped graphs  549ms
   ✓ revision inheritance stays in its photo when revision UUIDs repeat  569ms
   ✓ a paid nondeterministic ancestor cannot become active before artifact publication  546ms
   ✓ unreachable drafts and node-only revisions are refused without debris  566ms
   ✓ a prepared provider execution must be reachable from the resulting roots  544ms
   ✓ a revision may redirect its root to an existing node without adding nodes  551ms
   ✓ a layer-free base update advances the identical output projection  560ms
   ✓ layer mutations create immutable complete snapshots and exact composite-v2 projections  612ms
   ✓ invalid layer relationships and composite projections roll back every new identity and node  550ms
   ✓ an unpublished permanent mask pin cannot enter an active snapshot  551ms
   ✓ an output wrapper cannot relabel RGB pixels as a mask  541ms
   ✓ an RGB-only operation cannot relabel a mask branch as layer content  552ms
   ✓ an activated RGB branch cannot hide an unpublished permanent mask pin  534ms
   ✓ a permanent mask cannot become the document's RGB base and output  541ms
   ✓ affine resample accepts only its declared intrinsic RGB input  538ms
   ✓ layer identity lookup accepts only a full id or an unambiguous photo-scoped prefix  550ms
 ✓ packages/render/src/graph/evaluator.test.ts (20 tests) 11807ms
   ✓ equal pixels retain distinct source treatment through deterministic descendants  831ms
   ✓ equal RGB artifacts do not collapse executions with different realized frames  634ms
   ✓ structured sources expose decode failure without masking graph errors  582ms
   ✓ affine resample translates an intrinsic RGB image onto a protected zero canvas  578ms
   ✓ affine resample applies a uniform scale directly into the output canvas  595ms
   ✓ affine resample quarter-rotates exactly and clips pixels outside the canvas  567ms
   ✓ historical resample v1 recipes remain evaluable  566ms
   ✓ evaluation failure before publication or database commit cannot create active missing state  558ms
   ✓ deterministic evaluations reuse while nondeterministic attempts retain distinct identities  576ms
   ✓ external nodes cannot commit a successful execution without provider provenance  555ms
   ✓ provider provenance cannot disagree with the immutable node recipe  551ms
   ✓ source fallback keeps render state stable while recording a distinct source execution  563ms
   ✓ markup and develop geometry scale from catalog space to a smaller evaluated source  617ms
   ✓ changed source pixels at the same locator create a new source evaluation  557ms
   ✓ develop nodes run the native global grade without caller-supplied operations  568ms
   ✓ develop exposure acts on preserved scene-linear values above the display ceiling  571ms
   ✓ delta nodes compensate an existing scene-linear branch through the native evaluator  607ms
   ✓ delta nodes apply bounded white-balance compensation in scene-linear space  578ms
   ✓ a requested execution id belongs only to the top nondeterministic node  585ms
   ✓ reevaluation repairs missing and corrupt canonical artifacts  565ms
 ✓ packages/commands/src/paired-import.test.ts (20 tests) 35554ms
   ✓ paired import is one logical photo with independently identified RAW and JPEG originals  2966ms
   ✓ a valid ARW survives a corrupt JPG regardless of companion-only policy  694ms
   ✓ a valid JPG survives a corrupt ARW regardless of companion-only policy  998ms
   ✓ camera JPEG keeps its own full dimensions and cache across RAW edits  6369ms
   ✓ late pairing preserves existing raw edit ownership  1245ms
   ✓ late pairing preserves existing jpeg edit ownership  1285ms
   ✓ late pairing preserves existing both edit ownership  1305ms
   ✓ an existing pair cannot acquire a second distinct JPEG but accepts another locator  1933ms
   ✓ an online camera JPEG does not make a missing RAW primary available  2823ms
   ✓ content preflight reports progress before catalog admission begins  1694ms
   ✓ replacing bytes at an imported locator cannot reparent that locator  1465ms
   ✓ same-stem originals with contradictory capture metadata are not paired  1577ms
   ✓ ambiguous case-folded stems do not starve an unrelated valid original  2600ms
   ✓ explicit raw ignores ambiguity only in the excluded kind  1923ms
   ✓ explicit jpeg ignores ambiguity only in the excluded kind  1193ms
   ✓ explicit raw companion policy retains only selected paired originals  904ms
   ✓ explicit jpeg companion policy retains only selected paired originals  985ms
   ✓ explicit both companion policy retains only selected paired originals  1494ms
   ✓ failure copying the JPEG rolls back the already copied RAW and pair publication  1004ms
   ✓ paired copy retains both original byte streams and logical removal trashes both  1095ms
 ✓ packages/commands/src/fill-strict.test.ts (18 tests) 14476ms
   ✓ historical fill frames recover without replaying paid generation  1065ms
   ✓ strict fill commits generated pixels through a mask composite without changing uncovered samples  795ms
   ✓ same-ratio provider dimensions remain intrinsic until the graph placement  768ms
   ✓ strict fill rejects a whole-frame provider result with data exit 65 and no revision  705ms
   ✓ a smaller provider raster remains intrinsic for density planning  729ms
   ✓ an unexplained provider aspect change is discarded before graph activation  696ms
   ✓ expanded fill changes the final document outside the selection and preserves its effective exterior  972ms
   ✓ moving an expanded edge selection anchors the subject and vacancy to original selection intent  745ms
   ✓ feather coverage is applied once through fill, fractional transforms, and refresh  1024ms
   ✓ develop projection preserves single coverage: 'fractional online'  788ms
   ✓ develop projection preserves single coverage: 'fractional offline'  790ms
   ✓ develop projection preserves single coverage: 'same-size rotation'  797ms
   ✓ develop projection preserves single coverage: 'origin crop'  788ms
   ✓ renderer correction bypasses warmed old pixels and views without replaying paid generation  852ms
   ✓ free fit softens selection and explicit zero strength removes feather without growing the next selection  812ms
   ✓ free fit accepts declared whole-frame edits while the effective mask still owns coverage  746ms
   ✓ invalid fit and strength fail before generation or revision changes  648ms
   ✓ prompt fill stores the exact instruction in its immutable generation recipe  756ms
 ✓ packages/commands/src/full-frame-geometry.test.ts (28 tests) 24356ms
   ✓ retouch accepts a generated corner only while its photographic layer supplies coverage  1506ms
   ✓ preview metadata follows the reused deterministic execution's source tier  751ms
   ✓ non-power reduced retained input can refresh inside its captured fractional viewport  797ms
   ✓ reconstructed reduced input cannot outrank a better available pinned source  778ms
   ✓ a retained native photographic input outranks a smaller pinned fallback  766ms
   ✓ retained-only show after full-frame refresh works with both original and pinned source absent  1065ms
   ✓ retained-only export after full-frame refresh works with both original and pinned source absent  1064ms
   ✓ retained-only display never replays a missing paid artifact  719ms
   ✓ retained-only display never replays a corrupt paid artifact  720ms
   ✓ unusable missing retained full-frame input never purchases replacement pixels  719ms
   ✓ unusable corrupt retained full-frame input never purchases replacement pixels  702ms
   ✓ a lost full-frame refresh response leaves the active branch intact and is not replayed by show  781ms
   ✓ full-frame refresh keeps its authored viewport while applying current photometric develop  930ms
   ✓ refresh honors captured predecessor enablement and removal rather than today's stack  1188ms
   ✓ unchanged deterministic full-frame response preserves intermediate-strength pixels on refresh  849ms
   ✓ generated detail at strength 0 cannot certify a reduced original as native  729ms
   ✓ generated detail at strength 0.35 cannot certify a reduced original as native  742ms
   ✓ generated detail at strength 1 cannot certify a reduced original as native  847ms
   ✓ transforming a cropped retouch preserves its authored mask placement  975ms
   ✓ full-frame edits retain cropped coordinates through show, toggle, later crop, remove and undo  1177ms
   ✓ full-frame publication failure leaves the active photo intact and retains purchased bytes  755ms
   ✓ relight transmits the photographic predecessors while leaving visible markup editable  977ms
   ✓ straightened full-frame generation applies strength 0 exactly once  785ms
   ✓ straightened full-frame generation applies strength 0.35 exactly once  793ms
   ✓ straightened full-frame generation applies strength 1 exactly once  785ms
   ✓ same-size shifted viewports never move a full-frame purchase with the crop  884ms
   ✓ a concurrent revision wins without losing the rejected full-frame purchase  720ms
   ✓ explicit full-frame refresh purchases its captured predecessors without consuming itself or successors  849ms
 ✓ packages/render/src/develop/pixels.test.ts (58 tests) 234ms
 ✓ packages/commands/src/show.test.ts (10 tests) 7869ms
   ✓ unedited default show uses the pinned overview without publishing full graph artifacts  997ms
   ✓ show preserves the exact 'reduced' frame through native and cached detail  766ms
   ✓ show preserves the exact 'full' frame through native and cached detail  784ms
   ✓ show normalizes empty stored metadata to the public nullable shape  915ms
   ✓ show warns when an online locator cannot provide the catalogued source  754ms
   ✓ show preserves a preview-cache destination failure  690ms
   ✓ show indexes a derived preview only after returning a readable artifact  647ms
   ✓ show materializes pixels from the active global develop node  718ms
   ✓ show derives overview and detail from the current native master  787ms
   ✓ show reports and renders the active base-space crop and quarter-turn  809ms
 ✓ apps/daemon/src/workers/embed-consent.test.ts (17 tests) 11271ms
   ✓ ambient credentials do no image work until embed or init auto supplies consent  937ms
   ✓ a command can refresh the worker key and cache context after daemon startup  669ms
   ✓ a retryable short batch wakes at cooldown even after a foreground kick  700ms
   ✓ automatic embedding stops after one configuration failure and resumes on refreshed context  1168ms
   ✓ one HTTP 400 image rejection does not configuration-pause later photos  662ms
   ✓ worker stop aborts an in-flight provider request  615ms
   ✓ foreground pause reaches a database-safe point before a transaction and resumes  700ms
   ✓ worker stop interrupts provider retry backoff  611ms
   ✓ a successful provider call with a failed catalog write escapes and stops automatic work  721ms
   ✓ a slow failing sweep attempts more than 100 photos in catalog order  1458ms
   ✓ one missing preview does not starve later items in embed --all  609ms
   ✓ embed --all reports totals while bounding retained per-photo failures  650ms
   ✓ explicit embed batches reject input that cannot have a bounded response  587ms
   ✓ explicit embed rejects an oversized ID without echoing it  589ms
   ✓ explicit duplicate IDs finish progress for every returned item  593ms
 ✓ packages/commands/src/layer-density-transform.test.ts (16 tests) 13210ms
   ✓ generated layer density transforms > generated movement and shrinking use pinned density without reading provider configuration  1115ms
   ✓ generated layer density transforms > fill preserves its branch identity and refuses stale activation after settings lookup  865ms
   ✓ generated layer density transforms > layer preserves its branch identity and refuses stale activation after settings lookup  831ms
   ✓ generated layer density transforms > combined move and scale commits density and vacancy in the same revision  861ms
   ✓ generated layer density transforms > a failed combined scale keeps prior pixels and plain moves do not retry it  808ms
   ✓ generated layer density transforms > a concurrent edit retains combined-scale output without publishing a vacancy or replaying  784ms
   ✓ generated layer density transforms > combined move refuses border layers without changing outpaint or invoking providers  701ms
   ✓ generated layer density transforms > a larger uniform scale runs the smallest sufficient upscale from generation  845ms
   ✓ generated layer density transforms > auto intent survives a sufficient no-upscale fill for later scaling  764ms
   ✓ generated layer density transforms > an explicit no-upscale refill replaces earlier automatic density intent  836ms
   ✓ generated layer density transforms > density growth is relative to scale already baked into generation input  792ms
   ✓ generated layer density transforms > an adapter upgrade is paid once and then reuses its exact direct child  795ms
   ✓ generated layer density transforms > a limit-bound upscale reports the density planner warning  771ms
   ✓ generated layer density transforms > move, flip, and quarter rotation reuse pinned pixels without provider availability  834ms
   ✓ generated layer density transforms > a failed larger upscale still commits the transform with the best prior pixels  770ms
   ✓ generated layer density transforms > a layer transformed before fill rebases onto affine placement  836ms
 ✓ packages/commands/src/segment-text-fake.test.ts (14 tests) 14259ms
   ✓ segmentation rejects a revision changed during inference through a shared handle (existing=false)  928ms
   ✓ segmentation rejects a revision changed during inference through a shared handle (existing=true)  688ms
   ✓ slow SAM initialization reports progress before inference can proceed  5674ms
   ✓ failed local initialization emits runtime diagnostics through command stderr events  599ms
   ✓ empty production grounding preserves JPEG bytes without encoding or evicting features  684ms
   ✓ production text grounding uses the cropped render box and commits masks in base coordinates  751ms
   ✓ default command adapter segments pinned develop pixels and dry-run leaves graph rows untouched  713ms
   ✓ production SAM reports missing model files before touching the document  599ms
   ✓ SAM uses the catalog's already-oriented portrait dimensions  603ms
   ✓ text grounding creates one base-coordinate mask layer per returned instance  625ms
   ✓ text dry-run returns grounded masks without creating graph or layer rows  598ms
   ✓ point segmentation preserves every point and an optional box in base coordinates  595ms
   ✓ text with no grounded matches succeeds without creating a revision  603ms
   ✓ a non-positive SAM box is rejected before local segmentation  598ms
 ✓ apps/cli/src/daemon-lifecycle.test.ts (18 tests) 36897ms
   ✓ daemon start returns its verified status without probing again  1072ms
   ✓ a disconnected control client does not kill the daemon  1919ms
   ✓ a lost response does not replay a committed command  1101ms
   ✓ init leaves its new library served by the daemon  1540ms
   ✓ init remains successful when its optional daemon start fails  1115ms
   ✓ a failed daemon startup reports its 'exit' and releases the inherited lock  1889ms
   ✓ a failed daemon startup reports its 'signal' and releases the inherited lock  1874ms
   ✓ the first ordinary command starts one daemon and status reports it  1945ms
   ✓ an idle daemon accepts an uncontended request with a zero lock budget  1766ms
   ✓ no-daemon stops a live daemon before opening the library in-process  2116ms
   ✓ daemon stop does not report success while a live holder is unresponsive  2053ms
   ✓ a command respawns the daemon after an unclean kill  2103ms
   ✓ a stale socket payload owned by a dead pid is replaced once  1661ms
   ✓ a dead socket with a live-looking pid reports the replacement daemon  1665ms
   ✓ an accepting impostor reports an unknown outcome before explicit recovery  1809ms
   ✓ a live daemon from another photoctl version stops before replacement  1965ms
   ✓ removing the library mount causes a graceful daemon stop  1592ms
   ✓ the imported-image journey runs through one persistent daemon handle  7710ms
 ✓ packages/commands/src/cull.test.ts (12 tests) 7275ms
   ✓ rate reports a missing item without starving valid photos  877ms
   ✓ list filters and orders catalog rows while resolving current online state  650ms
   ✓ limited list checks only returned originals and refreshes volume availability  632ms
   ✓ limited stale-XMP list counts every match before materializing availability  623ms
   ✓ next keeps an independent ordered cursor per filter and reset rewinds it  629ms
   ✓ next advances its cursor only after the pinned preview is deliverable  613ms
   ✓ streamed list pages rows in order and waits for each consumer  794ms
   ✓ removing several photos requires explicit confirmation before any mutation (["--from-disk"])  602ms
   ✓ removing several photos requires explicit confirmation before any mutation ([])  602ms
   ✓ remove restores source, cache and graph when post-teardown failure is false  620ms
   ✓ remove restores source, cache and graph when post-teardown failure is true  630ms
 ✓ packages/commands/src/generate.test.ts (9 tests) 6283ms
   ✓ reference-only generation sends variation intent and retains its source without importing it  1000ms
   ✓ generation refuses an unsupported required reference before buying an unrelated image (strength=false)  644ms
   ✓ generation refuses an unsupported required reference before buying an unrelated image (strength=true)  631ms
   ✓ reference-guided generation retains an immutable reachable image without importing another photo  734ms
   ✓ generate imports the canonical provider artifact with durable provenance and no automatic upscale  676ms
   ✓ explicit generate upscale reaches the requested size and sends a normalized reference  700ms
   ✓ generate provider geometry failure leaves no catalog or graph state  622ms
   ✓ generate without gateway credentials fails before catalog mutation  602ms
   ✓ explicit upscale preserves provider pixels that already cover the requested size  672ms
 ✓ packages/commands/src/fill-move.test.ts (7 tests) 5589ms
   ✓ combined move and scale multiplies current geometry in one vacancy revision  1090ms
   ✓ combined scale preserves rotation and uses oriented normalized target coordinates  722ms
   ✓ manual movement and transforms do not depend on provider configuration  714ms
   ✓ fill --move moves subject pixels and mask atomically while retaining one original vacancy  788ms
   ✓ vacancy warnings follow the snapped active revision even when export skips evaluation  797ms
   ✓ develop reports and counts only photographic layers while vacancy pixels remain exact  796ms
   ✓ fill --move validates its exclusive coordinate modes and subject role  681ms
 ✓ packages/commands/src/outpaint-refresh.test.ts (10 tests) 14836ms
   ✓ camera JPEG refresh retains its cropped provider frame and updates photographic input  6756ms
   ✓ outpaint retry reuses pinned generation after current edits and retries only failed density  928ms
   ✓ failed outpaint refresh preserves the active snapshot while retaining reusable preparation  840ms
   ✓ outpaint refresh rejects a source edit during generation through a shared handle  775ms
   ✓ refresh preserves a moved border's placement and does not expand its authored provider frame  909ms
   ✓ outpaint refresh samples current source edits inside its fixed authored frame  846ms
   ✓ density-only outpaint refresh keeps its pinned generation despite current edits  830ms
   ✓ refresh excludes later photographic paint even after it is reordered below the border  1006ms
   ✓ removing an authored predecessor does not revive excluded source pixels during refresh  969ms
   ✓ refresh samples an authored predecessor's current enabled state and opacity  973ms
 ✓ packages/commands/src/fill-refresh.test.ts (7 tests) 6126ms
   ✓ fill branch refresh > generation refresh adopts current develop and rebuilds deterministic descendants  1170ms
   ✓ fill branch refresh > upscale refresh reuses generation and creates a new pinned execution  859ms
   ✓ fill branch refresh > refresh records the currently executing adapter and model versions  907ms
   ✓ fill branch refresh > upscale refresh still requires configured provider consent  753ms
   ✓ fill branch refresh > generation refresh rebases a transformed pre-fill input onto current pixels  909ms
   ✓ fill branch refresh > generation refresh renormalizes placement when intrinsic dimensions change  791ms
   ✓ fill branch refresh > refresh refuses a lookalike branch that is not the canonical strict fill recipe  734ms
 ✓ apps/cli/src/first-jpeg.test.ts (13 tests) 45240ms
   ✓ imports one linked ARW and returns its photo id  1447ms
   ✓ show preserves fixture metadata and shot offset across host timezones  2375ms
   ✓ show reports limited offline detail and promotes it when the full source returns  9960ms
   ✓ export renders the full source as a profiled delivery JPEG  7432ms
   ✓ offline export renders the pinned preview and warns  2127ms
   ✓ offline export without a pinned preview returns the stable unavailable envelope  2353ms
   ✓ import counts an unsupported file without opening it as a photo  1447ms
   ✓ import skips plain text without creating a photo  1889ms
   ✓ import skips truncated TIFF without creating a photo  1879ms
   ✓ a bad export id does not starve a later valid photo  7375ms
   ✓ an offline volume is authoritative before import inspects source bytes  1091ms
   ✓ reimport returns the same photo id and locator  2824ms
   ✓ reimport repairs a missing pinned preview  3040ms
 ✓ packages/commands/src/layers.test.ts (4 tests) 3362ms
   ✓ manual box segmentation creates a permanent layer without eagerly evaluating pixels  916ms
   ✓ manual layer commands create immutable revisions and retain stable identities  1011ms
   ✓ show lazily evaluates a transformed manual layer through the production graph  756ms
   ✓ manual layer commands reject ambiguous or invalid command values  679ms
 ✓ apps/workbench/src/upscale-spike.test.ts (10 tests) 1060ms
   ✓ identical source requests share a provider result across distinct inspection crops and categories  322ms
   ✓ built CLI retains mask context and all declared validation categories  437ms
 ✓ packages/library/src/migrations/runner.test.ts (10 tests) 5641ms
   ✓ migrations are repeatable and record each version once  786ms
   ✓ the latest schema supports promoted sampled-key collisions and cull state  572ms
   ✓ the latest schema permits affine resample recipes while rejecting unknown source versions  570ms
   ✓ rejects the non-prefix migration ledger 2 before applying schema  508ms
   ✓ rejects the non-prefix migration ledger 1,3 before applying schema  515ms
   ✓ rejects the non-prefix migration ledger 1,2,3,4,5,6,7,8,9,10,11,12,13,14,15,16,17,18,19,20,21,22 before applying schema  506ms
   ✓ latest-schema verification rejects a missing required constraint  546ms
   ✓ latest-schema verification rejects a missing required index  541ms
   ✓ the graph schema separates logical nodes from reusable and attempted executions  558ms
   ✓ the layer schema keeps identities, snapshots, graph roots, and photos in one ownership boundary  537ms
 ✓ apps/workbench/src/cli.test.ts (10 tests) 3545ms
   ✓ library renders current schema, row counts, backups, and indexed cache bytes  1060ms
   ✓ graph renders a source to develop to output structure with revision identities  722ms
   ✓ graph follows bounded inspection pages through the active output lineage  865ms
   ✓ layers renders the immutable stack beside its DAG roots with a legible vacancy  873ms
 ✓ packages/commands/src/develop.test.ts (10 tests) 9169ms
   ✓ develop resolves a preset before set and persists the exact resolved dictionary  1064ms
   ✓ unset, reset, and copy-from replace state without accumulating edit history  1204ms
   ✓ reset can establish an identity base before a preset and explicit set  1019ms
   ✓ library presets override package presets and are returned as resolved data  914ms
   ✓ develop keeps successful items in a mixed batch and reports the missing input  764ms
   ✓ per-photo graph read and commit failures do not starve the develop batch  852ms
   ✓ a per-photo mutation validation failure becomes a batch result  747ms
   ✓ develop rejects a new crop disjoint from the visible canvas before committing it  749ms
   ✓ replaying an absolute mutation returns the same develop and render identities  972ms
   ✓ develop reports compensated and stale layer identities with a non-blocking stale warning  883ms
 ✓ packages/commands/src/outpaint-generation.test.ts (4 tests) 3764ms
   ✓ outpaint finalizes a retained paid attempt when exterior publication fails  968ms
   ✓ outpaint keeps usable generation and its extent when configured upscaling fails  815ms
   ✓ outpaint sends the source in an exterior-only frame and activates one border (edited=true)  1015ms
   ✓ outpaint sends the source in an exterior-only frame and activates one border (edited=false)  965ms
 ✓ packages/commands/src/outpaint-density-transform.test.ts (8 tests) 7119ms
   ✓ outpaint refresh introduces density work when the first generation needed none  1103ms
   ✓ new refresh density demand cannot bypass provider consent  821ms
   ✓ outpaint refresh replans upscale density after a failed enlargement  894ms
   ✓ deterministic border placement retains independent native RGB and mask rasters  802ms
   ✓ native-density border keeps live interior, opacity, reversible extent and cached density  1055ms
   ✓ pinned outpaint retry does not decode its historical photographic input  750ms
   ✓ explicit outpaint retry satisfies moved enlarged density without generating again  910ms
   ✓ enlarged outpaint retains native upscaler detail without regenerating its border  783ms
 ✓ packages/render/src/preview.test.ts (9 tests) 918ms
   ✓ default overview derives from a sufficient master without rendering again  348ms
 ✓ packages/commands/src/xmp-roundtrip.test.ts (5 tests) 4474ms
   ✓ explicit XMP write round-trips catalog cull metadata without touching image bytes  1587ms
   ✓ sync --read replaces sidecar-owned fields, preserves an absent flag, and clears stale diagnostics  681ms
   ✓ a read-only whole-file sidecar failure does not starve an embedded-container write  813ms
   ✓ an item-local filesystem shape error does not abort later writes  694ms
   ✓ a post-verification sidecar conflict fails one item without starving the batch  698ms
 ✓ packages/commands/src/fill-upscale-policy.test.ts (11 tests) 8743ms
   ✓ fill upscale policy > changing only upscale policy preserves the generation attempt across execution aliases  1132ms
   ✓ fill upscale policy > configured auto upscale owns policy and inserts one upscale before placement  787ms
   ✓ fill upscale policy > --no-upscale overrides configured auto without calling the adapter  744ms
   ✓ fill upscale policy > unconfigured auto preserves the successful generation with a soft warning  724ms
   ✓ fill upscale policy > sufficient intrinsic generation skips the paid upscaler  748ms
   ✓ fill upscale policy > --upscale-model implies enabled and overrides an off library model  741ms
   ✓ fill upscale policy > adapter limits use the largest valid scale and report unsatisfied output density  735ms
   ✓ fill upscale policy > a reversible provider frame is cropped before the single exact placement  743ms
   ✓ fill upscale policy > source limits remain separate when output density is satisfied  738ms
   ✓ fill upscale policy > a matching cached upscale is reused before exact placement  817ms
   ✓ fill upscale policy > a cached upscale from another adapter version is rejected while generation is reused  832ms
 ✓ packages/render/src/graph/recipes.test.ts (21 tests) 10ms
 ✓ packages/commands/src/provider-retention.test.ts (6 tests) 6994ms
   ✓ source-less generation retains its exact wrongaspect response with corrupt backup files  1839ms
   ✓ source-less generation retains its exact wrongaspect response with intact backup files  1560ms
   ✓ source-less generation retains its exact wrongaspect response with missing backup files  1509ms
   ✓ source-less generation retains its exact normal response with intact backup files  759ms
   ✓ source-less generation retains its exact commit-failure response with intact backup files  673ms
   ✓ source-less generation retains its exact cache-failure response with intact backup files  653ms
 ✓ packages/providers/src/provider-fake.test.ts (15 tests) 38ms
 ✓ apps/workbench/src/fill.test.ts (7 tests) 3043ms
   ✓ outpaint report exposes native border detail and authored exterior coverage without paid calls  1164ms
   ✓ fill renders one self-contained native crop from the immutable before, generated, and current artifacts  1150ms
   ✓ fill refuses an active mask layer that has no committed fill ancestry  728ms
 ✓ packages/commands/src/search-hybrid.test.ts (5 tests) 3480ms
   ✓ hybrid search returns tag-only and vector-only hits in deterministic RRF order  914ms
   ✓ search without an explicit key stays text-only and warns  646ms
   ✓ text search normalizes filename, folder, and tag punctuation like the index  632ms
   ✓ search keeps text hits when the optional vector provider rejects or cannot serve  642ms
   ✓ vector ranking returns every current-model hit despite many closer old-model rows  646ms
 ✓ packages/commands/src/crop.test.ts (9 tests) 11294ms
   ✓ auto crop reports progress while photographic evaluation is pending  5996ms
   ✓ crop abstains on blank photographic output despite strong vector markup and still applies explicit aspect  760ms
   ✓ crop composes a residual with manual straighten, then repeated level detection is a revision no-op  798ms
   ✓ crop uses the quarter-turned photographic view and the pinned offline source  759ms
   ✓ auto rotates the visible expanded canvas without reactivating its consumed crop  840ms
   ✓ crop refuses to commit an estimate when another edit wins after the photographic snapshot  685ms
   ✓ conflicting photographic lines leave the revision and straighten untouched  675ms
   ✓ auto bounds large odd-sized photographic rasters without changing their line direction  778ms
 ✓ packages/library/src/restore.test.ts (8 tests) 13438ms
   ✓ restore replaces changed rows with the validated snapshot  1720ms
   ✓ metadata restore preserves live library presets  1357ms
   ✓ invalid SQL leaves the original library byte-for-byte usable  1196ms
   ✓ a process interruption between directory renames is refused by open and rolled back on retry  2359ms
   ✓ a process interruption after promotion but before its journal update restores the original  2370ms
   ✓ a crash during rollback deletion keeps the committed promoted library  1749ms
   ✓ a failure publishing the first journal releases both locks and removes the stage  1363ms
   ✓ restore rejects a dump with a future migration ledger and preserves the original  1323ms
 ✓ apps/cli/src/backup-restore.test.ts (9 tests) 21845ms
   ✓ the real CLI restores imported photo identities and content keys  4413ms
   ✓ invalid restore SQL reports catalog_unreadable without replacing the library  2730ms
   ✓ restore reports exit 75 while another process holds the library  1847ms
   ✓ the daemon creates one automatic backup and deduplicates successful opens  1676ms
   ✓ a persistent daemon reports the current fresh schema on repeated migrate  1765ms
   ✓ an automatic backup failure is logged without failing library work  1679ms
   ✓ direct no-daemon commands never create automatic snapshots  1438ms
   ✓ restore stops a live daemon and performs the directory swap directly  2817ms
   ✓ restore --path replaces a mismatched Postgres cluster with a current dump  3479ms
 ✓ apps/cli/src/search-embed.test.ts (5 tests) 47359ms
   ✓ auto import reports queued cost and the built CLI streams keyless text hits  1696ms
   ✓ a running daemon applies the importing command's embedding key and cache root  1921ms
   ✓ a foreground tag quiesces an in-flight worker and then resumes it  2288ms
   ✓ a foreground embed emits progress while one provider request is still in flight  7422ms
   ✓ daemon search stays alive through provider retry and returns text fallback  34032ms
 ✓ apps/cli/src/library-lifecycle.test.ts (13 tests) 15738ms
   ✓ init creates a library with default settings  988ms
   ✓ doctor reports persisted library settings  1431ms
   ✓ doctor rejects positional arguments  1106ms
   ✓ init refuses to replace an existing library  1981ms
   ✓ doctor waits for a live library holder and succeeds after release  1711ms
   ✓ doctor reports the live holder when its lock budget expires  1368ms
   ✓ doctor reclaims a lock left by a dead process  1451ms
   ✓ SIGINT releases the library lock  1853ms
   ✓ SIGTERM releases the library lock  1840ms
   ✓ doctor recovers after a holder is killed without cleanup  1694ms
 ✓ packages/commands/src/decode.test.ts (6 tests) 6568ms
   ✓ decode publishes a new TIFF without replacing output  931ms
   ✓ decode publishes a new TIFF without replacing occupied  663ms
   ✓ decode publishes a new TIFF without replacing hardAlias  662ms
   ✓ decode publishes a new TIFF without replacing symbolicAlias  651ms
   ✓ decode publishes a new TIFF without replacing source  649ms
   ✓ decode writes native decoder output through the shared 16-bit TIFF boundary  3011ms
 ✓ packages/commands/src/fill-input-frame.test.ts (5 tests) 4845ms
   ✓ fill samples authored coordinates from 'nonorigin crop' and refreshes them  1188ms
   ✓ fill samples authored coordinates from 'quarter rotation' and refreshes them  884ms
   ✓ fill samples authored coordinates from 'fractional straighten' and refreshes them  852ms
   ✓ fill samples authored coordinates from 'offline density' and refreshes them  842ms
   ✓ fill samples authored coordinates from 'clipped coverage' and refreshes them  1079ms
 ✓ packages/render/src/graph/composite-evaluator.test.ts (4 tests) 2666ms
   ✓ composite v2 folds ordered content-mask pairs without changing uncovered samples  849ms
   ✓ a permanent mask pin refuses an RGB artifact with the same file extension  602ms
   ✓ strict mask composite copies every zero-coverage base sample exactly  613ms
   ✓ a corrupt permanent mask is marked unavailable on its first evaluation  601ms
 ✓ apps/cli/src/file-source.test.ts (6 tests) 12010ms
   ✓ accepted file-source images import and export without descriptive EXIF  3893ms
   ✓ an oriented whole-file image is not rotated again from its pinned preview  2305ms
   ✓ a missing extensionless source is not reported as a skipped format  1089ms
   ✓ directory import admits supported top-level files  1438ms
   ✓ a PNG with a JPEG extension is rendered instead of copied into a false JPEG  1865ms
   ✓ an unusable cache root returns a stable JSON destination error  1420ms
 ✓ packages/commands/src/white-balance.test.ts (7 tests) 5209ms
   ✓ white-balance eyedropper stores a neutral correction and repeats without another revision  999ms
   ✓ sampling excludes user grade and markup and maps normalized base coordinates while offline  766ms
   ✓ black, outside, and malformed samples leave the snapped document unchanged  701ms
   ✓ portrait orientation and reduced offline pixels keep the oriented base sample  696ms
   ✓ fractional regions include their near centers and exclude their far centers  718ms
   ✓ an out-of-range neutral reports its remaining color without widening controls  653ms
   ✓ a concurrent develop edit is not overwritten by a sampled stale snapshot  674ms
 ✓ packages/img/src/task-memory.test.ts (29 tests) 893ms
 ✓ packages/commands/src/person-move.test.ts (1 test) 1690ms
   ✓ person move keeps one vacancy until strict fill and carries both photographic layers through develop  1689ms
 ✓ packages/render/src/provider-images/attempts.test.ts (5 tests) 3417ms
   ✓ valid PNG headers with corrupt compressed pixels never create an original artifact  888ms
   ✓ a rate-limit retry followed by transport rejection records observed requests without an invented image  626ms
   ✓ working conversion failure keeps the valid original and records a failed attempt  631ms
   ✓ an adapter that omits original capture cannot return a prepared paid success  639ms
   ✓ original registration failure stops normalization with a non-retryable retention diagnostic  633ms
 ✓ apps/cli/src/retouch-journey.test.ts (3 tests) 12031ms
   ✓ the built CLI retouches once, materializes lazily, and exports the current pixels  5325ms
   ✓ oriented uncropped retouch coordinates map into the current cropped rotation  3729ms
   ✓ a real orientation-6 import uses its persisted oriented coordinate space  2977ms
 ✓ packages/render/src/artifacts/artifact-publication.test.ts (17 tests) 237ms
 ✓ packages/library/src/identity-collision.test.ts (4 tests) 2524ms
   ✓ sample-key collisions promote both files and preserve distinct stable IDs  799ms
   ✓ an offline unpromoted candidate never absorbs a sampled-key collision  585ms
   ✓ a missing locator is relocation only on its confirmed-online volume  586ms
   ✓ an exact unpromoted locator accepts stable mtime and refuses replacement in place  554ms
 ✓ apps/cli/src/export-integrity.test.ts (8 tests) 28600ms
   ✓ export falls back when linked bytes change without an mtime change  2100ms
   ✓ export accepts matching linked content after an mtime-only touch  7362ms
   ✓ export tries later catalogued locators when the first source is gone  8041ms
   ✓ a corrupt pinned preview returns the stable offline envelope  2341ms
   ✓ a changed online source falls back to the pinned preview with a warning  2105ms
   ✓ a destination write failure returns a stable volume error envelope  1931ms
   ✓ an all-failed heterogeneous export is partial regardless of input order  2814ms
   ✓ an all-failed homogeneous export retains the shared error code  1904ms
 ✓ apps/cli/src/embed-drain.test.ts (1 test) 36975ms
   ✓ rate p95 stays within 2x warm show p50 while thirty embedding batches drain  36975ms
 ✓ packages/importer/src/cache-prune.test.ts (5 tests) 21ms
 ✓ packages/commands/src/export-protection.test.ts (13 tests) 9263ms
   ✓ export overwrite preserves the self catalog original  937ms
   ✓ export overwrite preserves the other catalog original  685ms
   ✓ export overwrite preserves the copied catalog original  669ms
   ✓ export overwrite preserves the file-alias catalog original  648ms
   ✓ export overwrite preserves the directory-alias catalog original  664ms
   ✓ export overwrite preserves the missing catalog original  717ms
   ✓ export overwrite preserves the companion catalog original  1099ms
   ✓ export overwrite preserves the prior-volume catalog original  650ms
   ✓ export overwrite preserves the recreated-mount catalog original  639ms
   ✓ delivery overwrite ignores absent mounts but not lookup failures: false  656ms
   ✓ delivery overwrite ignores absent mounts but not lookup failures: true  629ms
   ✓ delivery overwrite ignores absent mounts but not lookup failures: EACCES  637ms
   ✓ delivery overwrite ignores absent mounts but not lookup failures: EIO  632ms
 ✓ packages/commands/src/retouch.test.ts (3 tests) 2377ms
   ✓ retouch resolves normalized geometry and exact retries without eager pixels  947ms
   ✓ retouch uses oriented photographic support and rejects invalid target geometry  763ms
   ✓ an authored retouch retry survives a hiding crop while a fresh excluded circle is rejected  667ms
 ✓ packages/commands/src/fill-upscale-failure.test.ts (8 tests) 6539ms
   ✓ fill upscale failure retention > upscale capture persistence failure aborts the fill without discarding its earlier paid original  1021ms
   ✓ fill upscale failure retention > transport-failure keeps generation active without publishing an upscale node  839ms
   ✓ fill upscale failure retention > wrong-aspect keeps generation active without publishing an upscale node  748ms
   ✓ fill upscale failure retention > too-small keeps generation active without publishing an upscale node  727ms
   ✓ fill upscale failure retention > corrupt keeps generation active without publishing an upscale node  751ms
   ✓ fill upscale failure retention > retry reports the source context pinned to the reused generation  809ms
   ✓ fill upscale failure retention > a changed instruction is not mistaken for an upscale-only retry  840ms
   ✓ fill upscale failure retention > a noncanonical composite is not mistaken for an upscale-only retry  803ms
 ✓ packages/commands/src/preview-export-hash.test.ts (4 tests) 3058ms
   ✓ a preview and following export identify the same snapped render state (broken progress: false)  982ms
   ✓ a preview and following export identify the same snapped render state (broken progress: true)  726ms
   ✓ export evaluates the snapped output node to a canonical artifact  667ms
   ✓ export consumes the active global develop node  682ms
 ✓ packages/commands/src/graph.test.ts (2 tests) 1564ms
   ✓ graph show and node expose bounded full-identity records  881ms
   ✓ graph show pages a layer content and mask graph with a revision-and-layer-bound cursor  683ms
 ✓ packages/render/src/fill/density.test.ts (9 tests) 2ms
 ✓ packages/library/src/xmp/write.test.ts (7 tests) 22ms
 ✓ packages/render/src/artifacts/availability.test.ts (4 tests) 2509ms
   ✓ encoded PNG publication shares orphan discovery and registration  799ms
   ✓ reconciliation invalidates legacy display artifacts  578ms
   ✓ reconciliation recognizes canonical masks and rejects corrupt mask bytes  567ms
   ✓ retention follows disabled layer content and masks as immutable revision roots  564ms
 ✓ packages/render/src/export/delivery.test.ts (7 tests) 101ms
 ✓ packages/commands/src/generate-upscale-consumers.test.ts (2 tests) 2181ms
   ✓ standalone upscale at 8 pixels survives show, replaced develop and export without replay  1233ms
   ✓ standalone upscale at 9 pixels survives show, replaced develop and export without replay  948ms
 ✓ apps/cli/src/human-output.test.ts (8 tests) 7031ms
   ✓ a mixed batch renders one row per input and the aggregate summary  2324ms
   ✓ human output includes envelope warnings without changing success  2343ms
   ✓ --human leaves daemon NDJSON events on stderr  1662ms
 ✓ packages/importer/src/cache.test.ts (7 tests) 80ms
 ✓ apps/cli/src/markup-journey.test.ts (1 test) 5671ms
   ✓ the built CLI flattens markup lazily and removing the item restores exact prior pixels  5670ms
 ✓ packages/commands/src/reimport-idempotent.test.ts (4 tests) 2708ms
   ✓ recursive import admits content-probed unknown extensions and relocates idempotently  931ms
   ✓ copy imports use the stable internal-library volume after the source disappears  658ms
   ✓ daemon import forwards progress before its terminal envelope without retaining it  1108ms
 ✓ packages/commands/src/reimagine-layer.test.ts (1 test) 1364ms
   ✓ reimagine adds a lazy full-frame layer and removing it restores the prior render  1363ms
 ✓ packages/commands/src/fill-controls.test.ts (2 tests) 2923ms
   ✓ fill repeat and refresh retain immutable reference/init intent ('photoctl/fake-image-edit-v1')  1652ms
   ✓ fill repeat and refresh retain immutable reference/init intent ('fixture/unsupported-controls')  1270ms
 ✓ packages/commands/src/export-template.test.ts (2 tests) 1963ms
   ✓ export applies a library preset, lets CLI options override it, resolves collisions, and records writes  1246ms
   ✓ a truncated skipped JPEG becomes a per-item failure and the batch continues  716ms
 ✓ packages/render/src/develop/develop-dict.test.ts (10 tests) 7ms
 ✓ packages/commands/src/reimagine-upscale-fallback.test.ts (5 tests) 4039ms
   ✓ full-frame upscale-only refresh preserves generation and retains the last successful upscale on failure  1073ms
   ✓ reimagine keeps successful generation active when density matching fails  737ms
   ✓ reimagine leaves the active revision unchanged when generation geometry is invalid  726ms
   ✓ reimagine accepts a reduced pinned source and targets the authored viewport density  802ms
   ✓ progress delivery failure cannot override a committed reimagine  699ms
 ✓ apps/cli/src/relight-journey.test.ts (1 test) 5050ms
   ✓ the built CLI relights lazily through the full-frame owner and removal restores exact pixels  5050ms
 ✓ packages/render/src/graph/canvas-support.test.ts (11 tests) 4ms
 ✓ apps/cli/src/reimagine-journey.test.ts (1 test) 5576ms
   ✓ the built CLI reimagines lazily at base density and removal restores exact prior pixels  5576ms
 ✓ packages/commands/src/relight.test.ts (5 tests) 4094ms
   ✓ relight validates every required control before provider work or revision change  987ms
   ✓ relight accepts reduced input and removal restores the available original  814ms
   ✓ relight accepts cropped quarter-turn geometry and removal restores its viewport  751ms
   ✓ relight leaves the active revision unchanged when provider geometry is invalid  738ms
   ✓ zero intensity keeps current pixels while retaining a removable relight revision  802ms
 ✓ packages/commands/src/render.test.ts (2 tests) 1740ms
   ✓ render --linear exposes the active graph and one stop doubles linear mean  1035ms
   ✓ render --linear never replaces an existing destination or source locator  704ms
 ✓ packages/commands/src/fill-input-size.test.ts (2 tests) 2809ms
   ✓ fill caps provider inputs while full-res and refresh preserve the chosen sampling (cropped: false)  1546ms
   ✓ fill caps provider inputs while full-res and refresh preserve the chosen sampling (cropped: true)  1262ms
 ✓ apps/cli/src/gold-exam-dry.test.ts (1 test) 4196ms
   ✓ the keyless gold exam develops three people presets before exporting ten photos  4195ms
 ✓ packages/providers/src/mask-polarity-smoke.test.ts (5 tests) 5695ms
   ✓ keyed white-edits smoke saves the actual wire mask and uncomposited response without blessing it  2790ms
   ✓ keyed transparent-edits smoke saves the actual wire mask and uncomposited response without blessing it  2709ms
 ✓ apps/cli/src/auto-enhance.test.ts (1 test) 5015ms
   ✓ the built CLI applies one clamped auto-enhance batch and undo restores the prior develop  5014ms
 ✓ apps/cli/src/show-path.test.ts (3 tests) 9904ms
   ✓ show resolves an existing photo by absolute, relative and symlink paths without importing  2669ms
   ✓ show does not import unknown paths or confuse volume identity, and IDs retain offline access  4916ms
   ✓ show resolves library-owned originals after the external source disappears  2318ms
 ✓ apps/workbench/src/masks.test.ts (4 tests) 2513ms
   ✓ masks compares committed coverage with identified cached develop pixels (crop/rotate/offline=false)  1380ms
   ✓ masks compares committed coverage with identified cached develop pixels (crop/rotate/offline=true)  1131ms
 ✓ packages/library/src/locators.test.ts (8 tests) 2012ms
   ✓ a unique photo ID prefix resolves to the full ID  822ms
   ✓ an ambiguous photo ID prefix is never resolved arbitrarily  580ms
   ✓ a photo prefix cannot inject SQL wildcard matching  602ms
 ✓ packages/render/src/graph/provider-events.test.ts (1 test) 871ms
   ✓ generate and upscale attempts emit distinct events and retain bounded redacted provenance  870ms
 ✓ packages/render/src/decoder.test.ts (6 tests) 3347ms
   ✓ LibRaw reports RAW compression and preserves A7C II camera pixels: 'a7c2-lossless-l.ARW'  1290ms
   ✓ LibRaw reports RAW compression and preserves A7C II camera pixels: 'a7c2-lossy.ARW'  1037ms
   ✓ LibRaw reports RAW compression and preserves A7C II camera pixels: 'a7c2.ARW'  978ms
 ✓ packages/render/src/graph/removal.test.ts (1 test) 916ms
   ✓ photo removal clears geometry checkpoints and layer history without touching another graph or shared artifacts  915ms
 ✓ apps/cli/src/camera-jpeg.test.ts (3 tests) 31900ms
   ✓ camera JPEG DSC07730.JPG retains metadata and upright pixels through import, offline preview and delivery  14760ms
   ✓ camera JPEG DSC09903.JPG retains metadata and upright pixels through import, offline preview and delivery  8728ms
   ✓ camera JPEG DSC08819.JPG retains metadata and upright pixels through import, offline preview and delivery  8412ms
 ✓ packages/render/src/develop/state.test.ts (2 tests) 1821ms
   ✓ develop compensation advances the base and reports stable layer ids without rewriting history  1092ms
   ✓ white-balance compensation is bounded by the operator owner's temperature threshold  729ms
 ✓ packages/render/src/sam2-runtime.test.ts (4 tests) 335ms
 ✓ packages/commands/src/export-retained.test.ts (4 tests) 3959ms
   ✓ offline export uses verified current pixels and recovers from intact retained output  1131ms
   ✓ offline export uses verified current pixels and recovers from missing retained output  975ms
   ✓ offline export uses verified current pixels and recovers from corrupt retained output  961ms
   ✓ offline export uses verified current pixels and recovers from obsolete retained output  892ms
 ✓ packages/img/src/sam2.test.ts (5 tests) 16ms
 ✓ packages/commands/src/generate-strength.test.ts (10 tests) 2855ms
   ✓ generate records reference strength 0 as transmitted variation guidance  1317ms
   ✓ generate records reference strength 0.25 as transmitted variation guidance  789ms
   ✓ generate records reference strength 1 as transmitted variation guidance  748ms
 ✓ packages/render/src/preview-coordinator.test.ts (4 tests) 58ms
 ✓ packages/providers/src/upscale/upscale-adapter.test.ts (10 tests) 7ms
 ✓ packages/render/src/markup/state.test.ts (2 tests) 1755ms
   ✓ markup is atomic with its revision and remains the output wrapper after later develop  1010ms
   ✓ retouch consumes the markup-free pixel output  744ms
 ✓ packages/commands/src/auto-enhance.test.ts (2 tests) 1786ms
   ✓ a structured-provider failure leaves the active revision and develop state unchanged  1029ms
   ✓ undo consumes a no-op auto-enhance marker in a new immutable revision  756ms
 ✓ packages/render/src/preview-resampler.test.ts (2 tests) 101ms
 ✓ packages/commands/src/fill-provider-runtime.test.ts (4 tests) 12732ms
   ✓ the built CLI reaches the reserved instruction-composite profile through real HTTP  3061ms
   ✓ a fixture URL alone cannot bypass unverified native-mask safety  2543ms
   ✓ a wrong-aspect fixture response leaves the active revision unchanged  3512ms
   ✓ a reported whole-frame fixture response leaves the active revision unchanged  3615ms
 ✓ packages/providers/src/embed-shape-smoke.test.ts (4 tests) 117ms
 ✓ packages/library/src/backup.test.ts (5 tests) 1081ms
   ✓ a backup is a restorable SQL file and an automatic retry inside five minutes reuses it  1038ms
 ✓ apps/cli/src/offline-preview.test.ts (3 tests) 8443ms
   ✓ every accepted file image has the same source-independent offline JPEG preview  3829ms
   ✓ copy imports preserve the same contract from a library-owned original  2068ms
   ✓ reimport repairs a corrupt file-image preview  2545ms
 ✓ apps/cli/src/concurrency-race.test.ts (2 tests) 9318ms
   ✓ eight real clients append every requested tag without losing a row  6757ms
   ✓ queue overflow fails loudly and commits every accepted batch in full  2560ms
 ✓ packages/commands/src/remove-generated.test.ts (1 test) 1377ms
   ✓ removing one generated photo preserves shared originals and the other photo without provider replay  1376ms
 ✓ apps/cli/src/crop.test.ts (1 test) 3154ms
   ✓ public crop auto levels a visible horizon without modifying the original  3154ms
 ✓ packages/providers/src/provider-unconfigured.test.ts (7 tests) 6ms
 ✓ packages/img/src/highlight-reconstruction.test.ts (5 tests) 16205ms
   ✓ source probe plans the same effective method as actual native decode  2076ms
   ✓ explicit native reconstruction removes candle false color without replacing RAW headroom  3366ms
   ✓ native reconstruction preserves real orange light detail and reliable scene samples exactly  2789ms
   ✓ reconstruction runs on native neighborhoods before both reductions, without a second WB  6144ms
   ✓ disabled reconstruction keeps camera-space and its scaled front exactly; reduced RGB is honest  1828ms
 ✓ packages/commands/src/generate-negative.test.ts (4 tests) 1862ms
   ✓ generate records negative guidance and the actual transmitted prompt (reference=false)  1094ms
   ✓ generate records negative guidance and the actual transmitted prompt (reference=true)  766ms
 ✓ apps/cli/src/generate-journey.test.ts (1 test) 3066ms
   ✓ the built CLI generates, imports, tags, and lazily previews a canonical photo  3066ms
 ✓ packages/render/src/fill/upscale-policy.test.ts (6 tests) 2ms
 ✓ apps/cli/src/stream.test.ts (2 tests) 2945ms
   ✓ list --stream writes each row as bare NDJSON without the daemon  1513ms
   ✓ list --stream writes each row as bare NDJSON through the daemon  1431ms
 ✓ packages/providers/src/image-controls.test.ts (3 tests) 29ms
 ✓ packages/commands/src/undo.test.ts (1 test) 1382ms
   ✓ undo preserves a generated initial root and atomically restores markup and layer snapshots  1382ms
 ✓ packages/commands/src/source-treatment.test.ts (1 test) 12603ms
   ✓ ordinary RAW rendering uses the measured native treatment while an untouched overview stays cheap  12602ms
 ✓ apps/cli/src/undo.test.ts (1 test) 4059ms
   ✓ public undo restores the previous edit pixels and stops at the original image  4058ms
 ✓ packages/render/src/linear-tiff-profile.test.ts (1 test) 5ms
 ✓ packages/render/src/graph/inspection.test.ts (2 tests) 1621ms
   ✓ history pagination is bounded, duplicate-free, and remains bound to its starting revision  1027ms
   ✓ cursor structure is validated before it reaches database casts  594ms
 ✓ packages/commands/src/markup.test.ts (1 test) 1011ms
   ✓ markup add/list/update/remove/clear round-trips strict vector items  1010ms
 ✓ packages/commands/src/import.test.ts (2 tests) 2256ms
   ✓ copy import catalogs an already-in-place original without duplicating it on repeat  1202ms
   ✓ reimport restores a missing cache index without rewriting a valid preview  1053ms
 ✓ packages/library/src/lock.test.ts (2 tests) 389ms
   ✓ concurrent contenders cannot both reclaim one dead holder  363ms
 ✓ packages/commands/src/xmp-read.test.ts (1 test) 999ms
   ✓ XMP seeds cull state once, then PGlite edits win on re-import  998ms
 ✓ apps/cli/src/filter.test.ts (1 test) 8521ms
   ✓ public filter shares develop state, repeat behavior and undo  8521ms
Traceback (most recent call last):
  File "/workspace/fixtures/tools/manifest.py", line 74, in <module>
    raise ValueError("image SHA-256 changed or was not pinned; review and remove the old manifest before regenerating")
ValueError: image SHA-256 changed or was not pinned; review and remove the old manifest before regenerating
 ✓ fixtures/tools/manifest.test.ts (7 tests) 2286ms
   ✓ fixture manifest > regenerating measured facts preserves authored provenance and decoder expectations  1052ms
   ✓ fixture manifest > refuses to carry image-specific annotations onto changed image bytes  1009ms
 ✓ packages/library/src/cache-index.test.ts (3 tests) 2423ms
   ✓ cache index orders eviction by last use and conditionally claims only old unpinned rows  979ms
   ✓ cache paths remain scoped to whichever cache root is active  708ms
   ✓ cache eviction candidates page through stable LRU boundaries  735ms
 ✓ packages/render/src/mask-kernels.test.ts (5 tests) 6ms
 ✓ packages/commands/src/daemon-client.test.ts (10 tests) 2ms
 ✓ packages/commands/src/develop-format-matrix.test.ts (1 test) 8361ms
   ✓ develop renders whole-file, embedded-container, and extensionless inputs  8361ms
 ✓ packages/render/src/color.test.ts (6 tests) 18ms
 ✓ packages/library/src/models.test.ts (2 tests) 10ms
 ✓ packages/commands/src/restore-artifacts.test.ts (1 test) 2070ms
   ✓ restore marks a referenced canonical artifact unavailable when its file is missing  2069ms
 ✓ apps/cli/src/tag.test.ts (2 tests) 6915ms
   ✓ tag adds an exact value to every resolved photo  3116ms
   ✓ tag commits the found subset and remove is idempotent  3799ms
 ✓ packages/render/src/export/publication.test.ts (4 tests) 29ms
 ✓ apps/cli/src/fill-move-scale.test.ts (1 test) 4626ms
   ✓ built combined move-scale changes delivery and one undo restores the original  4626ms
 ✓ apps/cli/src/white-balance.test.ts (1 test) 5664ms
   ✓ built eyedropper neutralizes delivery pixels and shares explicit develop and undo  5663ms
 ✓ apps/cli/src/gold-exam-report.test.ts (1 test) 61ms
 ✓ packages/protocol/src/verbs/markup.test.ts (17 tests) 31ms
 ✓ packages/render/src/graph/canvas.test.ts (3 tests) 3ms
 ✓ fixtures/tools/probe-toast.test.ts (2 tests) 1932ms
   ✓ the TOAST probe records the tested workload and a write-strategy verdict  980ms
   ✓ an unexpected database failure invalidates stale PASS evidence before exiting  952ms
 ✓ packages/commands/src/cwd.test.ts (2 tests) 1922ms
   ✓ relative command paths resolve from the request working directory  1089ms
   ✓ doctor resolves a relative cache root from the request working directory  833ms
 ✓ packages/importer/src/exif.test.ts (4 tests) 55ms
 ✓ packages/commands/src/fill-upscale-runtime.test.ts (2 tests) 2082ms
   ✓ fill production upscale wiring > unconfigured runtime adapter preserves generation without sending pixels  1232ms
   ✓ fill production upscale wiring > persisted consent executes the runtime adapter without an injected registry  850ms
 ✓ packages/render/src/sam2.test.ts (4 tests) 18ms
 ✓ packages/library/src/identity.test.ts (5 tests) 22ms
 ✓ apps/workbench/src/sheet.test.ts (2 tests) 1ms
 ✓ apps/cli/src/develop.test.ts (1 test) 3801ms
   ✓ the built CLI persists resolved develop state without rendering new pixels  3801ms
 ✓ packages/providers/src/adapters/embedding.test.ts (5 tests) 3ms
 ✓ packages/library/src/xmp/read.test.ts (4 tests) 6ms
 ✓ packages/render/src/highlight-treatment.test.ts (3 tests) 5104ms
   ✓ the RAW adapter reports the planned reconstruction and preserves explicit disabled pixels  3806ms
   ✓ incapable RAW and camera JPEG retain honest treatment: FileImageDecoder{ id: 'file' } DSC00103.JPG  1072ms
 ✓ packages/img/src/supported-projection.test.ts (4 tests) 4ms
 ✓ packages/importer/src/embedded.test.ts (3 tests) 7ms
 ✓ packages/importer/src/formats.test.ts (5 tests) 30ms
test source checkout must be clean
 ✓ fixtures/export-sam2.test.ts (3 tests) 67ms
 ✓ apps/cli/src/decoder-libraw.test.ts (3 tests) 12613ms
   ✓ the built CLI decodes the LibRaw fixture: 'a7c2-lossless-l.ARW'  4238ms
   ✓ the built CLI decodes the LibRaw fixture: 'a7c2-lossy.ARW'  4234ms
   ✓ the built CLI decodes the LibRaw fixture: 'a7c2.ARW'  4140ms
 ✓ packages/render/src/coordinates.orientation.test.ts (25 tests) 3ms
 ✓ apps/cli/src/xmp.test.ts (1 test) 2670ms
   ✓ the built CLI exposes explicit xmp write and its typed batch result  2669ms
 ✓ packages/library/src/restore-journal.test.ts (4 tests) 6ms
 ✓ packages/render/src/source-render.test.ts (1 test) 6ms
 ✓ packages/library/src/restore-artifacts.test.ts (1 test) 1876ms
   ✓ restore replaces database state while preserving canonical artifacts and library-owned sources  1876ms
 ✓ packages/commands/src/graph-source.test.ts (1 test) 4642ms
   ✓ online RAW graph renders use the native whole-file decoder with full provenance  4641ms
 ✓ apps/cli/src/version-sync.test.ts (2 tests) 65ms
 ✓ fixtures/manifest.test.ts (3 tests) 467ms
 ✓ packages/commands/src/models-doctor.test.ts (1 test) 1093ms
   ✓ doctor reports the ready SAM manifest and fetch refuses without a base URL  1092ms
 ✓ packages/render/src/markup/flatten.test.ts (2 tests) 102ms
 ✓ apps/cli/src/cache-prune.test.ts (1 test) 1684ms
   ✓ cache prune applies an explicit byte budget through the built CLI  1683ms
 ✓ packages/commands/src/provider-doctor.test.ts (1 test) 946ms
   ✓ doctor reports fixed and library-overridden provider ids without exposing credentials  946ms
 ✓ packages/img/src/white-balance.test.ts (2 tests) 3ms
 ✓ packages/protocol/src/hash-protocol.test.ts (1 test) 1ms
 ✓ packages/render/src/libraw-scene.test.ts (2 tests) 1894ms
   ✓ LibRaw scene output preserves resize-before-camera-front pixels and canonical metadata  1892ms
 ✓ packages/commands/src/progress.test.ts (2 tests) 1014ms
   ✓ stop during an asynchronous report does not schedule another interval  1009ms
 ✓ packages/render/src/graph/projection.test.ts (1 test) 3ms
 ✓ packages/protocol/src/verbs/relight.test.ts (1 test) 3ms
 ✓ packages/render/src/export/collision.test.ts (2 tests) 5ms
 ✓ packages/render/src/sam2-frame.test.ts (1 test) 41ms
 ✓ packages/library/src/open.test.ts (2 tests) 1931ms
   ✓ a library opens with durable Postgres settings  1203ms
   ✓ migration failures become a stable catalog error  727ms
 ✓ apps/cli/src/fresh-open.test.ts (1 test) 1295ms
   ✓ eight fresh init processes create one migrated library without a leaked lock  1295ms
 ✓ apps/workbench/src/oracle.test.ts (4 tests) 7ms
 ✓ packages/test-harness/src/gateway-fixture.test.ts (1 test) 19ms
 ✓ packages/providers/src/model-table.test.ts (4 tests) 2ms
 ✓ packages/importer/src/scan.test.ts (1 test) 3ms
 ✓ packages/providers/src/prompts/upscale.test.ts (1 test) 1ms
 ✓ packages/commands/src/errors.test.ts (8 tests) 1ms
 ✓ packages/protocol/src/frames.test.ts (2 tests) 24ms
 ✓ packages/render/src/develop/stats.test.ts (2 tests) 1ms
 ✓ packages/render/src/export/template.test.ts (2 tests) 1ms
 ✓ packages/render/src/linear-tiff.test.ts (1 test) 2ms
 ✓ packages/library/src/trash.test.ts (1 test) 4ms
 ✓ packages/providers/src/cost.test.ts (3 tests) 1ms
 ✓ fixtures/tools/drive.test.ts (1 test) 42ms
 ✓ packages/test-harness/src/spawn.test.ts (1 test) 16ms
 ✓ packages/render/src/transforms.test.ts (1 test) 1ms
 ✓ packages/importer/src/pipeline.test.ts (1 test) 61ms
 ✓ packages/test-harness/src/harness-self.test.ts (1 test) 111ms
 ✓ packages/providers/src/relight-template.test.ts (1 test) 1ms
 ✓ packages/library/src/search/rrf.test.ts (2 tests) 1ms
 ✓ apps/cli/src/cli-version.test.ts (2 tests) 213ms
 ✓ apps/cli/src/output.test.ts (1 test) 1ms
 ✓ packages/render/src/fill/external-pixels.test.ts (1 test) 2ms
 ✓ apps/cli/src/full-frame-journey.test.ts (1 test) 9980ms
   ✓ built CLI preserves full-frame source promotion and explicit refresh lifecycle  9979ms
 ✓ packages/protocol/src/envelope.test.ts (4 tests) 1ms
 ✓ apps/cli/src/outpaint-journey.test.ts (3 tests) 53444ms
   ✓ built CLI preserves outpaint pixels through repeat, removal, undo, refresh and offline export: 'cropped-away support'  14598ms
   ✓ built CLI preserves outpaint pixels through repeat, removal, undo, refresh and offline export: 'outside original support'  14825ms
   ✓ cold offline outpaint retains its native border and promotes original detail after reconnect  24019ms
 ✓ apps/cli/src/paired-originals-journey.test.ts (2 tests) 67807ms
   ✓ built CLI preserves unequal RAW/JPEG originals through editing, delivery and offline access: --link  35130ms
   ✓ built CLI preserves unequal RAW/JPEG originals through editing, delivery and offline access: --copy  32675ms
 ✓ apps/cli/src/agent-preview-loop.test.ts (1 test) 57154ms
   ✓ the built CLI keeps agent previews current through fill, opacity, retouch, generative, and markup revisions  57153ms

 Test Files  201 passed (201)
      Tests  1095 passed (1095)
   Start at  03:48:16
   Duration  1130.79s (transform 2.00s, setup 0ms, collect 17.98s, tests 1097.85s, environment 11ms, prepare 3.78s)

$ vitest run --config vitest.models.config.ts

 RUN  v3.2.7 /workspace

 ✓ test/model-runtime/native-load.test.ts (2 tests) 8527ms
   ✓ the packed platform addon loads quietly outside the checkout  8495ms
 ✓ test/model-runtime/segment-at.test.ts (1 test) 31736ms
   ✓ real SAM selects the clicked photographic subject within independently authored bands  31735ms

 Test Files  2 passed (2)
      Tests  3 passed (3)
   Start at  04:07:07
   Duration  42.21s (transform 875ms, setup 0ms, collect 1.57s, tests 40.26s, environment 0ms, prepare 123ms)

$ if [ "$(uname -s)" = Darwin ]; then bun run build:swift && vitest run --config vitest.macos.config.ts; else echo 'macOS tests skipped (non-macOS)'; fi
$ if [ "$(uname -s)" = Darwin ]; then swift build --package-path helpers/mac && node scripts/package-helper.mjs; else echo 'Swift build skipped (non-macOS)'; fi
[0/1] Planning build
Building for debugging...
[0/3] Write swift-version--1AB21518FC5DEDBE.txt
Build complete! (0.08s)
packages/mac-helper-darwin-arm64/photoctl-mac: replacing existing signature

 RUN  v3.2.7 /Users/david/dev/photoctl

 ✓ test/macos/packed-install.test.ts (9 tests) 187858ms
   ✓ packed CLI starts its daemon and finds both packaged decoders outside the checkout  82489ms
   ✓ packed CLI preserves RAW-led pairs and explicit camera-JPEG access: --link  8895ms
   ✓ packed CLI preserves RAW-led pairs and explicit camera-JPEG access: --copy  8570ms
   ✓ packed CLI preserves the complete fake-generation and preview journey  28605ms
   ✓ packed CLI preserves outpaint pixels through the complete keyless lifecycle: 'cropped-away support'  16645ms
   ✓ packed CLI preserves outpaint pixels through the complete keyless lifecycle: 'outside original support'  14372ms
   ✓ cold offline outpaint retains its native border and promotes original detail after reconnect  9630ms
   ✓ packed CLI preserves full-frame source promotion and explicit refresh lifecycle  8633ms
 ✓ test/macos/decoder-oracle.test.ts (2 tests) 17037ms
   ✓ the public workbench proves CIRAW and LibRaw agree within G4: undefined  8567ms
   ✓ the public workbench proves CIRAW and LibRaw agree within G4: disabled  8469ms
 ✓ test/model-runtime/segment-at.test.ts (1 test) 10857ms
   ✓ real SAM selects the clicked photographic subject within independently authored bands  10857ms
 ✓ test/macos/daemon-performance.test.ts (1 test) 6034ms
   ✓ a warm daemon serves show with p50 below 250 ms  6033ms
 ✓ test/model-runtime/native-load.test.ts (2 tests) 1664ms
   ✓ the packed platform addon loads quietly outside the checkout  1641ms
 ✓ test/macos/decoder-ciraw.test.ts (1 test) 1558ms
   ✓ CIRAW decodes the committed camera file deterministically without presentation edits  1558ms
 ✓ test/macos/linkage.test.ts (1 test) 175ms

 Test Files  7 passed (7)
      Tests  17 passed (17)
   Start at  11:07:52
   Duration  227.02s (transform 387ms, setup 0ms, collect 1.16s, tests 225.18s, environment 0ms, prepare 162ms)


