$ cargo test --workspace
warning: libraw-sys@0.22.2: ranlib: warning: 'libphotoctl_libraw.a(8dc2014eb62c13dc-rawspeed_glue.o)' has no symbols
warning: libraw-sys@0.22.2: ranlib: warning: 'libphotoctl_libraw.a(8dc2014eb62c13dc-rawspeed_glue.o)' has no symbols
warning: libraw-sys@0.22.2: ranlib: warning: 'libphotoctl_libraw.a(8dc2014eb62c13dc-rawspeed_glue.o)' has no symbols
warning: libraw-sys@0.22.2: ranlib: warning: 'libphotoctl_libraw.a(e1b66968ee936791-apply_profile.o)' has no symbols
warning: libraw-sys@0.22.2: ranlib: warning: 'libphotoctl_libraw.a(c2d802da71f94854-x3f_parse_process.o)' has no symbols
warning: libraw-sys@0.22.2: ranlib: warning: 'libphotoctl_libraw.a(c2d802da71f94854-x3f_utils_patched.o)' has no symbols
warning: libraw-sys@0.22.2: ranlib: warning: 'libphotoctl_libraw.a(8dc2014eb62c13dc-rawspeed_glue.o)' has no symbols
warning: libraw-sys@0.22.2: ranlib: warning: 'libphotoctl_libraw.a(e1b66968ee936791-apply_profile.o)' has no symbols
warning: libraw-sys@0.22.2: ranlib: warning: 'libphotoctl_libraw.a(c2d802da71f94854-x3f_parse_process.o)' has no symbols
warning: libraw-sys@0.22.2: ranlib: warning: 'libphotoctl_libraw.a(c2d802da71f94854-x3f_utils_patched.o)' has no symbols
warning: struct `PixelFrameTransform` is never constructed
  --> crates/photoctl-image/src/resample.rs:17:12
   |
17 | pub struct PixelFrameTransform {
   |            ^^^^^^^^^^^^^^^^^^^
   |
   = note: `#[warn(dead_code)]` (part of `#[warn(unused)]`) on by default

warning: struct `FrameTransform` is never constructed
  --> crates/photoctl-image/src/resample.rs:23:8
   |
23 | struct FrameTransform {
   |        ^^^^^^^^^^^^^^

warning: function `project_supported_rgb_pixels` is never used
  --> crates/photoctl-image/src/resample.rs:58:8
   |
58 | pub fn project_supported_rgb_pixels(
   |        ^^^^^^^^^^^^^^^^^^^^^^^^^^^^

warning: struct `SupportedProjectionTask` is never constructed
   --> crates/photoctl-image/src/resample.rs:101:12
    |
101 | pub struct SupportedProjectionTask {
    |            ^^^^^^^^^^^^^^^^^^^^^^^

warning: `photoctl-image` (lib test) generated 4 warnings
    Finished `test` profile [unoptimized + debuginfo] target(s) in 0.16s
     Running unittests src/lib.rs (target/debug/deps/libraw_sys-be1c24c7e71726e2)

running 9 tests
test tests::saturation_support_requires_actual_three_color_sensor_metadata ... ok
test interpolation_tests::complete_rgb_dng_preserves_every_channel_exactly ... ok
test tests::probes_a7c2_with_the_pinned_libraw_matrix_and_compression_tag ... ok
test interpolation_tests::invalid_actual_gain_and_non_bayer_phase_are_rejected ... ok
test interpolation_tests::constant_colored_cfa_preserves_distinct_camera_channels ... ok
test interpolation_tests::measured_cfa_and_fractional_interpolated_headroom_survive ... ok
test interpolation_tests::unequal_cfa_sensitivity_does_not_invent_neutral_fine_detail_chroma ... ok
test tests::reduced_sony_rgb_preserves_cream_label_at_native_resolution ... ok
test tests::decodes_a7c2_as_oriented_camera_space_without_white_balance ... ok

test result: ok. 9 passed; 0 failed; 0 ignored; 0 measured; 0 filtered out; finished in 0.69s

     Running unittests src/lib.rs (target/debug/deps/photoctl_image-bea3c8914cb0532b)

running 78 tests
test develop::noise_reduction::tests::rolling_distance_roundoff_stays_finite_and_nonnegative ... ok
test develop::tests::display_transfer_reflects_negative_linear_values ... ok
test develop::tests::display_conversion_maps_srgb_primaries_into_rec2020 ... ok
test develop::tests::global_brightness_is_an_ocio_primary_offset ... ok
test develop::tests::global_saturation_preserves_rec2020_luminance ... ok
test develop::tests::highlights_follow_a_smooth_bright_luminance_mask ... ok
test develop::tests::global_saturation_uses_ocio_luminance_mix ... ok
test develop::tests::filter_strength_is_an_exact_linear_blend_of_recipe_data ... ok
test develop::tests::levels_apply_midpoint_gamma_without_clipping_extended_samples ... ok
test develop::tests::black_and_white_controls_share_monochrome_deterministic_grain ... ok
test develop::tests::global_black_point_moves_the_black_pivot_while_preserving_white ... ok
test develop::tests::global_exposure_is_one_stop_per_unit_in_scene_linear_space ... ok
test develop::tests::global_contrast_uses_ocio_scene_linear_power_about_point_eighteen ... ok
test develop::tests::brilliance_uses_a_fixed_thirty_one_pixel_local_light_map ... ok
test develop::tests::definition_radius_is_three_percent_of_the_long_edge ... ok
test develop::tests::local_contrast_preserves_flat_extended_scene_linear_fields ... ok
test develop::tests::native_filter_boundary_rejects_unknown_recipe_names ... ok
test develop::tests::local_contrast_has_one_fixed_operator_order ... ok
test develop::tests::camera_front_inverts_libraws_row_normalized_cam_xyz_convention ... ok
test develop::tests::pointwise_color_transforms_reuse_the_owned_pixel_allocation ... ok
test develop::tests::neutral_fit_recovers_known_controls_on_both_axes ... ok
test develop::tests::shadows_follow_a_smooth_dark_luminance_mask ... ok
test develop::tests::scene_linear_curve_uses_the_ocio_log_encoding_without_clipping ... ok
test develop::tests::sharpen_uses_a_one_pixel_radius ... ok
test develop::tests::spatial_develop_rejects_dimensions_that_do_not_describe_the_buffer ... ok
test develop::tests::tint_and_cast_move_opposite_green_magenta_axes ... ok
test develop::tests::vibrance_weights_low_saturation_and_protects_skin_hues ... ok
test develop::tests::white_balance_is_continuous_at_d65_zero ... ok
test develop::tests::white_balance_uses_bradford_adaptation_in_rec2020 ... ok
test develop::tests::definition_preserves_a_full_resolution_long_edge_flat_field ... ok
test heal::tests::fast_marching_harmonic_fill_changes_only_the_mask_and_is_deterministic ... ok
test heal::tests::rejects_invalid_public_inputs ... ok
test mask::tests::composite_preserves_every_zero_coverage_sample_bit_exactly ... ok
test mask::tests::composite_reuses_the_owned_frame_allocation ... ok
test mask::tests::hard_coverage_keeps_half_coverage_and_support_keeps_every_positive_sample ... ok
test highlight::tests::ratio_evidence_preserves_reliable_fractional_samples_and_float_headroom ... ok
test highlight::tests::physical_cells_survive_all_affine_orientations_and_leave_partial_edges_untouched ... ok
test mask::tests::asymmetric_morphology_uses_a_square_zero_outside_footprint ... ok
test develop::tests::color_nlm_reduces_chroma_noise_without_moving_luminance ... ok
test mask::tests::lift_zeros_the_exterior_and_preserves_selected_rgb_values ... ok
test resample::tests::affine_filter_work_is_axis_bounded_and_independent_of_channels ... ok
test develop::tests::luminance_nlm_reduces_impulse_noise_without_moving_chroma ... ok
test resample::tests::affine_integer_sampling_interpolates_inside_and_zero_pads_unseen_context ... ok
test resample::tests::affine_integer_sampling_preserves_quarter_turn_coordinates ... ok
test resample::tests::bilinear_resizes_an_asymmetric_grid_at_pixel_centers ... ok
test resample::tests::anchored_scale_maps_destination_and_source_pixel_centers ... ok
test resample::tests::four_quarter_turns_restore_every_sample ... ok
test draw::tests::text_rasterization_budget_rejects_pathological_glyph_work ... ok
test resample::tests::fractional_translation_filters_the_part_of_an_edge_footprint_still_in_bounds ... ok
test resample::tests::horizontal_flip_moves_samples_exactly_without_filtering ... ok
test resample::tests::integer_shear_still_filters_between_pixel_centers ... ok
test resample::tests::integer_region_resample_maps_centers_inside_the_selected_crop ... ok
test resample::tests::lanczos3_downsamples_an_asymmetric_row_with_scaled_support ... ok
test resample::tests::lanczos3_transform_rejects_an_unbounded_kernel ... ok
test resample::tests::lanczos3_transform_scales_its_support_when_reducing ... ok
test resample::tests::tiny_positive_scale_remains_an_invertible_bilinear_transform ... ok
test resample::tests::transform_rejects_a_determinant_or_inverse_that_overflows ... ok
test highlight::tests::missing_evidence_terminates_and_propagation_has_a_finite_native_radius ... ok
test publication::tests::installs_a_sibling_file_without_replacement ... ok
test sam2::tests::upsamples_logits_and_thresholds_at_zero_in_base_coordinates ... ok
test sam2_diagnostics::tests::oversized_fields_keep_valid_utf8_and_report_truncation ... ok
test tests::decoded_camera_front_transfers_its_owned_allocation_and_exact_samples ... ok
test sam2_diagnostics::tests::retained_diagnostics_are_bounded_and_overflow_is_observable_once ... ok
test tests::solid_rgb_repeats_the_exact_asymmetric_triplet ... ok
test tone_curve::tests::steep_adjacent_controls_keep_every_spline_segment_finite ... ok
test resample::tests::extreme_reduction_aggregates_clamped_edge_contributors ... ok
test heal::tests::harmonic_refinement_reconstructs_a_linear_gradient ... ok
test develop::tests::neutral_fit_beats_exhaustive_grid_for_each_limited_axis_and_corner ... ok
test publication::tests::preserves_an_existing_destination_and_source ... ok
test resample::tests::affine_weight_reuse_preserves_float_words_across_geometry_and_channels ... ok
test horizon::tests::abstains_on_blank_and_competing_long_lines ... ok
test horizon::tests::maps_anisotropic_pixels_and_searches_the_full_composed_control_range ... ok
test sam2::tests::returns_multiple_requested_outputs_from_one_session_run ... ok
test sam2::tests::constructs_cpu_sessions_from_caller_supplied_onnx_bytes ... ok
test draw::tests::rectangle_preserves_every_uncovered_sample_exactly ... ok
test draw::tests::every_public_primitive_rasterizes_with_the_bundled_font ... ok
test horizon::tests::recovers_signed_angles_across_range_scale_position_and_contrast ... ok
test tests::decodes_the_libraw_fixture_at_the_requested_scale ... ok

test result: ok. 78 passed; 0 failed; 0 ignored; 0 measured; 0 filtered out; finished in 0.72s

   Doc-tests libraw_sys

running 0 tests

test result: ok. 0 passed; 0 failed; 0 ignored; 0 measured; 0 filtered out; finished in 0.00s

 Image test-gateway-fixture Building 
#1 [internal] load local bake definitions
#1 reading from stdin 562B done
#1 DONE 0.0s

#2 [internal] load build definition from Dockerfile
#2 transferring dockerfile: 2.68kB done
#2 DONE 0.0s

#3 [internal] load metadata for docker.io/oven/bun:1.3.14
#3 DONE 0.2s

#4 [internal] load metadata for docker.io/library/node:24-trixie
#4 DONE 0.2s

#5 [internal] load .dockerignore
#5 transferring context: 138B done
#5 DONE 0.0s

#6 [bun 1/1] FROM docker.io/oven/bun:1.3.14@sha256:e10577f0db68676a7024391c6e5cb4b879ebd17188ab750cf10024a6d700e5c4
#6 resolve docker.io/oven/bun:1.3.14@sha256:e10577f0db68676a7024391c6e5cb4b879ebd17188ab750cf10024a6d700e5c4 0.0s done
#6 DONE 0.0s

#7 [built  1/28] FROM docker.io/library/node:24-trixie@sha256:f7d34e58713740f9eef9092c0bd6ff10369d132f7238399a4b270f16d47fa608
#7 resolve docker.io/library/node:24-trixie@sha256:f7d34e58713740f9eef9092c0bd6ff10369d132f7238399a4b270f16d47fa608 0.0s done
#7 DONE 0.0s

#8 [internal] load build context
#8 transferring context: 31.64MB 0.4s done
#8 DONE 0.4s

#9 [built 14/28] COPY packages/importer/package.json packages/importer/package.json
#9 CACHED

#10 [built  6/28] RUN python3 crates/photoctl-image/ort/prepare.py --target "$(rustc -vV | sed -n 's/^host: //p')" --cache /workspace/target/ort-runtime
#10 CACHED

#11 [built 16/28] COPY packages/img/package.json packages/img/package.json
#11 CACHED

#12 [built 20/28] COPY packages/img-linux-x64-gnu/package.json packages/img-linux-x64-gnu/package.json
#12 CACHED

#13 [built 17/28] COPY packages/img-darwin-arm64/package.json packages/img-darwin-arm64/package.json
#13 CACHED

#14 [built 13/28] COPY packages/commands/package.json packages/commands/package.json
#14 CACHED

#15 [built 24/28] COPY packages/render/package.json packages/render/package.json
#15 CACHED

#16 [built  9/28] COPY apps/workbench/package.json apps/workbench/package.json
#16 CACHED

#17 [built 18/28] COPY packages/img-darwin-x64/package.json packages/img-darwin-x64/package.json
#17 CACHED

#18 [built 10/28] COPY apps/daemon/package.json apps/daemon/package.json
#18 CACHED

#19 [built  8/28] COPY apps/cli/package.json apps/cli/package.json
#19 CACHED

#20 [built 12/28] COPY packages/providers/package.json packages/providers/package.json
#20 CACHED

#21 [built  2/28] COPY --from=bun /usr/local/bin/bun /usr/local/bin/bun
#21 CACHED

#22 [built  3/28] RUN apt-get update && apt-get install -y --no-install-recommends clang gcc-14 g++-14 cmake ninja-build python3 git curl ca-certificates && rm -rf /var/lib/apt/lists/*  && curl -fsSL --retry 10 --retry-all-errors https://sh.rustup.rs | RUSTUP_MAX_RETRIES=10 sh -s -- -y --profile minimal
#22 CACHED

#23 [built 21/28] COPY packages/mac-helper/package.json packages/mac-helper/package.json
#23 CACHED

#24 [built  4/28] WORKDIR /workspace
#24 CACHED

#25 [built 11/28] COPY packages/protocol/package.json packages/protocol/package.json
#25 CACHED

#26 [built 22/28] COPY packages/mac-helper-darwin-arm64/package.json packages/mac-helper-darwin-arm64/package.json
#26 CACHED

#27 [built 25/28] COPY packages/test-harness/package.json packages/test-harness/package.json
#27 CACHED

#28 [built 19/28] COPY packages/img-linux-arm64-gnu/package.json packages/img-linux-arm64-gnu/package.json
#28 CACHED

#29 [built  7/28] COPY package.json bun.lock* bunfig.toml ./
#29 CACHED

#30 [built  5/28] COPY crates/photoctl-image/ort crates/photoctl-image/ort
#30 CACHED

#31 [built 15/28] COPY packages/library/package.json packages/library/package.json
#31 CACHED

#32 [built 23/28] COPY packages/mac-helper-darwin-x64/package.json packages/mac-helper-darwin-x64/package.json
#32 CACHED

#33 [built 26/28] RUN bun install --frozen-lockfile
#33 CACHED

#34 [built 27/28] COPY . .
#34 DONE 4.1s

#35 [built 28/28] RUN bun run build
#35 0.148 $ bun run build:ts && bun run build:rust && bun run build:swift
#35 0.150 $ turbo run build
#35 0.196 
#35 0.196 Attention:
#35 0.196 Turborepo now collects completely anonymous telemetry regarding usage.
#35 0.196 This information is used to shape the Turborepo roadmap and prioritize features.
#35 0.196 You can learn more, including how to opt-out if you'd not like to participate in this anonymous program, by visiting the following URL:
#35 0.196 https://turborepo.dev/docs/telemetry
#35 0.196 
#35 0.196 • turbo 2.10.12
#35 0.216 
#35 0.216    • Packages in scope: @photoctl/cli, @photoctl/commands, @photoctl/daemon, @photoctl/img, @photoctl/img-darwin-arm64, @photoctl/img-darwin-x64, @photoctl/img-linux-arm64-gnu, @photoctl/img-linux-x64-gnu, @photoctl/importer, @photoctl/library, @photoctl/mac-helper, @photoctl/mac-helper-darwin-arm64, @photoctl/mac-helper-darwin-x64, @photoctl/protocol, @photoctl/providers, @photoctl/render, @photoctl/test-harness, @photoctl/workbench
#35 0.216    • Running build in 18 packages
#35 0.216    • Remote caching disabled
#35 0.216 
#35 0.224 @photoctl/protocol:build: cache miss, executing 3f61febe566edf97
#35 0.224 @photoctl/mac-helper:build: cache miss, executing a6ff1242cfe23d5b
#35 0.224 @photoctl/img:build: cache miss, executing 15db4e39c28c1c5b
#35 0.233 @photoctl/mac-helper:build: $ tsc -p tsconfig.json
#35 0.233 @photoctl/img:build: $ tsc -p tsconfig.json
#35 0.234 @photoctl/protocol:build: $ tsc -p tsconfig.json
#35 0.916 @photoctl/library:build: cache miss, executing b3dc628ef728a76f
#35 0.919 @photoctl/library:build: $ tsc -p tsconfig.json
#35 1.494 @photoctl/test-harness:build: cache miss, executing 3724a04328686f6e
#35 1.496 @photoctl/test-harness:build: $ tsc -p tsconfig.json
#35 1.917 @photoctl/providers:build: cache miss, executing 049ce031f8820909
#35 1.921 @photoctl/providers:build: $ tsc -p tsconfig.json
#35 2.527 @photoctl/render:build: cache miss, executing e4222d46fd42ee79
#35 2.532 @photoctl/render:build: $ tsc -p tsconfig.json
#35 3.826 @photoctl/importer:build: cache miss, executing 3226bb26294fafc0
#35 3.826 @photoctl/workbench:build: cache miss, executing 24fd476c9032aa41
#35 3.829 @photoctl/importer:build: $ tsc -p tsconfig.json
#35 3.830 @photoctl/workbench:build: $ tsc -p tsconfig.json
#35 4.297 @photoctl/commands:build: cache miss, executing 0b346738ecfa7ccc
#35 4.302 @photoctl/commands:build: $ tsc -p tsconfig.json
#35 5.210 @photoctl/daemon:build: cache miss, executing ea790b602ed46ccd
#35 5.214 @photoctl/daemon:build: $ tsc -p tsconfig.json
#35 5.734 @photoctl/cli:build: cache miss, executing 780b15e531ed534e
#35 5.738 @photoctl/cli:build: $ tsc -p tsconfig.json
#35 6.137 
#35 6.137  Tasks:    12 successful, 12 total
#35 6.137 Cached:    0 cached, 12 total
#35 6.137   Time:    5.937s 
#35 6.137 
#35 6.142 $ cargo test --workspace --no-run && cargo build -p photoctl-image && node scripts/package-native.mjs
#35 6.216     Updating crates.io index
#35 10.10  Downloading crates ...
#35 10.19   Downloaded allocator-api2 v0.2.21
#35 10.28   Downloaded futures-core v0.3.34
#35 10.29   Downloaded foreign-types-shared v0.1.1
#35 10.29   Downloaded hmac-sha256 v1.1.14
#35 10.29   Downloaded futures-sink v0.3.34
#35 10.30   Downloaded futures-task v0.3.34
#35 10.30   Downloaded openssl-probe v0.2.1
#35 10.30   Downloaded percent-encoding v2.3.2
#35 10.30   Downloaded rawpointer v0.2.1
#35 10.32   Downloaded itoa v1.0.18
#35 10.32   Downloaded napi-sys v3.3.0
#35 10.34   Downloaded nohash-hasher v0.2.0
#35 10.34   Downloaded socks v0.3.4
#35 10.34   Downloaded rustc-hash v2.1.3
#35 10.35   Downloaded foreign-types v0.3.2
#35 10.35   Downloaded futures-macro v0.3.34
#35 10.35   Downloaded openssl-macros v0.1.1
#35 10.36   Downloaded core_maths v0.1.1
#35 10.36   Downloaded futures-io v0.3.34
#35 10.37   Downloaded equivalent v1.0.2
#35 10.38   Downloaded base64ct v1.8.3
#35 10.38   Downloaded glob v0.3.4
#35 10.39   Downloaded num-complex v0.4.6
#35 10.39   Downloaded napi-build v2.4.1
#35 10.39   Downloaded native-tls v0.2.18
#35 10.39   Downloaded quote v1.0.47
#35 10.39   Downloaded shlex v2.0.1
#35 10.39   Downloaded zmij v1.0.23
#35 10.40   Downloaded base64 v0.23.1
#35 10.40   Downloaded futures-executor v0.3.34
#35 10.40   Downloaded find-msvc-tools v0.1.12
#35 10.40   Downloaded zeroize v1.9.0
#35 10.40   Downloaded foldhash v0.1.5
#35 10.40   Downloaded pin-project-lite v0.2.17
#35 10.41   Downloaded slab v0.4.12
#35 10.41   Downloaded utf8-zero v0.8.1
#35 10.41   Downloaded autocfg v1.5.1
#35 10.41   Downloaded byteorder v1.5.0
#35 10.41   Downloaded num-integer v0.1.47
#35 10.41   Downloaded napi-derive v3.6.3
#35 10.45   Downloaded futures-channel v0.3.34
#35 10.45   Downloaded httparse v1.10.1
#35 10.45   Downloaded libloading v0.9.0
#35 10.45   Downloaded napi-derive-backend v6.1.2
#35 10.46   Downloaded smallvec v1.16.0
#35 10.46   Downloaded cfg-if v1.0.4
#35 10.46   Downloaded pem-rfc7468 v1.0.0
#35 10.46   Downloaded rustls-pki-types v1.15.1
#35 10.46   Downloaded pkg-config v0.3.34
#35 10.47   Downloaded ctor v1.0.13
#35 10.48   Downloaded once_cell v1.21.4
#35 10.48   Downloaded semver v1.0.28
#35 10.48   Downloaded convert_case v0.11.0
#35 10.50   Downloaded log v0.4.34
#35 10.50   Downloaded serde_core v1.0.229
#35 10.50   Downloaded proc-macro2 v1.0.107
#35 10.51   Downloaded unicode-ident v1.0.24
#35 10.51   Downloaded ureq-proto v0.6.1
#35 10.51   Downloaded serde_derive v1.0.229
#35 10.51   Downloaded bitflags v2.13.1
#35 10.52   Downloaded num-traits v0.2.19
#35 10.52   Downloaded futures v0.3.34
#35 10.52   Downloaded matrixmultiply v0.3.11
#35 10.52   Downloaded ort-sys v2.0.0-rc.13
#35 10.53   Downloaded tracing-core v0.1.36
#35 10.54   Downloaded bytes v1.12.1
#35 10.56   Downloaded openssl-sys v0.9.117
#35 10.58   Downloaded memchr v2.8.3
#35 10.58   Downloaded serde v1.0.229
#35 10.59   Downloaded cc v1.4.5
#35 10.60   Downloaded http v1.5.0
#35 10.62   Downloaded der v0.8.1
#35 10.65   Downloaded hashbrown v0.15.5
#35 10.65   Downloaded unicode-segmentation v1.13.3
#35 10.65   Downloaded ureq v3.4.0
#35 10.66   Downloaded webpki-root-certs v1.0.9
#35 10.66   Downloaded fontdue v0.9.4
#35 10.67   Downloaded ort v2.0.0-rc.13
#35 10.67   Downloaded serde_json v1.0.151
#35 10.68   Downloaded libm v0.2.16
#35 10.68   Downloaded futures-util v0.3.34
#35 10.70   Downloaded ttf-parser v0.25.1
#35 10.70   Downloaded napi v3.12.2
#35 10.71   Downloaded vcpkg v0.2.15
#35 10.73   Downloaded lzma-rust2 v0.15.8
#35 10.74   Downloaded ndarray v0.17.2
#35 10.75   Downloaded openssl v0.10.81
#35 10.75   Downloaded syn v2.0.119
#35 10.76   Downloaded syn v3.0.4
#35 10.76   Downloaded tracing v0.1.44
#35 10.79   Downloaded libc v0.2.189
#35 10.84    Compiling proc-macro2 v1.0.107
#35 10.84    Compiling unicode-ident v1.0.24
#35 10.84    Compiling quote v1.0.47
#35 10.84    Compiling shlex v2.0.1
#35 10.84    Compiling find-msvc-tools v0.1.12
#35 10.84    Compiling vcpkg v0.2.15
#35 10.84    Compiling pkg-config v0.3.34
#35 10.84    Compiling libc v0.2.189
#35 10.84    Compiling cfg-if v1.0.4
#35 10.84    Compiling autocfg v1.5.1
#35 10.85    Compiling zeroize v1.9.0
#35 10.85    Compiling httparse v1.10.1
#35 10.85    Compiling bitflags v2.13.1
#35 10.85    Compiling foreign-types-shared v0.1.1
#35 10.85    Compiling openssl v0.10.81
#35 10.85    Compiling itoa v1.0.18
#35 10.85    Compiling bytes v1.12.1
#35 10.85    Compiling base64ct v1.8.3
#35 10.87    Compiling foreign-types v0.3.2
#35 10.88    Compiling native-tls v0.2.18
#35 10.89    Compiling log v0.4.34
#35 10.90    Compiling openssl-probe v0.2.1
#35 10.92    Compiling rustls-pki-types v1.15.1
#35 10.93    Compiling cc v1.4.5
#35 10.95    Compiling base64 v0.23.1
#35 10.96    Compiling byteorder v1.5.0
#35 10.96    Compiling percent-encoding v2.3.2
#35 10.96    Compiling utf8-zero v0.8.1
#35 10.97    Compiling pin-project-lite v0.2.17
#35 11.00    Compiling pem-rfc7468 v1.0.0
#35 11.01    Compiling glob v0.3.4
#35 11.04    Compiling hmac-sha256 v1.1.14
#35 11.08    Compiling memchr v2.8.3
#35 11.08    Compiling libm v0.2.16
#35 11.08    Compiling futures-sink v0.3.34
#35 11.08    Compiling lzma-rust2 v0.15.8
#35 11.09    Compiling der v0.8.1
#35 11.11    Compiling napi-build v2.4.1
#35 11.13    Compiling num-traits v0.2.19
#35 11.13    Compiling webpki-root-certs v1.0.9
#35 11.14    Compiling futures-core v0.3.34
#35 11.16    Compiling matrixmultiply v0.3.11
#35 11.17    Compiling futures-io v0.3.34
#35 11.17    Compiling slab v0.4.12
#35 11.21    Compiling http v1.5.0
#35 11.22    Compiling futures-channel v0.3.34
#35 11.22    Compiling futures-task v0.3.34
#35 11.22    Compiling serde_core v1.0.229
#35 11.23    Compiling zmij v1.0.23
#35 11.23    Compiling once_cell v1.21.4
#35 11.24    Compiling unicode-segmentation v1.13.3
#35 11.25    Compiling rawpointer v0.2.1
#35 11.26    Compiling napi v3.12.2
#35 11.29    Compiling libloading v0.9.0
#35 11.30    Compiling equivalent v1.0.2
#35 11.33    Compiling tracing-core v0.1.36
#35 11.34    Compiling allocator-api2 v0.2.21
#35 11.34    Compiling serde_json v1.0.151
#35 11.39    Compiling semver v1.0.28
#35 11.41    Compiling ctor v1.0.13
#35 11.42    Compiling serde v1.0.229
#35 11.48    Compiling convert_case v0.11.0
#35 11.49    Compiling foldhash v0.1.5
#35 11.55    Compiling syn v2.0.119
#35 11.57    Compiling syn v3.0.4
#35 11.57    Compiling hashbrown v0.15.5
#35 11.58    Compiling napi-sys v3.3.0
#35 11.59    Compiling tracing v0.1.44
#35 11.60    Compiling photoctl-image v0.1.0 (/workspace/crates/photoctl-image)
#35 11.64    Compiling socks v0.3.4
#35 11.64    Compiling nohash-hasher v0.2.0
#35 11.66    Compiling rustc-hash v2.1.3
#35 11.67    Compiling smallvec v1.16.0
#35 11.67    Compiling num-complex v0.4.6
#35 11.71    Compiling num-integer v0.1.47
#35 11.74    Compiling ureq-proto v0.6.1
#35 11.75    Compiling core_maths v0.1.1
#35 11.78    Compiling ttf-parser v0.25.1
#35 11.84    Compiling openssl-sys v0.9.117
#35 11.85    Compiling libraw-sys v0.22.2 (/workspace/crates/libraw-sys)
#35 11.86    Compiling ndarray v0.17.2
#35 12.55    Compiling fontdue v0.9.4
#35 13.08    Compiling futures-macro v0.3.34
#35 13.08    Compiling serde_derive v1.0.229
#35 13.31    Compiling napi-derive-backend v6.1.2
#35 13.45    Compiling futures-util v0.3.34
#35 13.49    Compiling openssl-macros v0.1.1
#35 14.11    Compiling napi-derive v3.6.3
#35 14.60    Compiling futures-executor v0.3.34
#35 14.66    Compiling futures v0.3.34
#35 15.08    Compiling ureq v3.4.0
#35 15.71    Compiling ort-sys v2.0.0-rc.13
#35 16.28    Compiling ort v2.0.0-rc.13
#35 36.92 warning: struct `PixelFrameTransform` is never constructed
#35 36.92   --> crates/photoctl-image/src/resample.rs:17:12
#35 36.92    |
#35 36.92 17 | pub struct PixelFrameTransform {
#35 36.92    |            ^^^^^^^^^^^^^^^^^^^
#35 36.92    |
#35 36.92    = note: `#[warn(dead_code)]` (part of `#[warn(unused)]`) on by default
#35 36.92 
#35 36.92 warning: struct `FrameTransform` is never constructed
#35 36.92   --> crates/photoctl-image/src/resample.rs:23:8
#35 36.92    |
#35 36.92 23 | struct FrameTransform {
#35 36.92    |        ^^^^^^^^^^^^^^
#35 36.92 
#35 36.92 warning: function `project_supported_rgb_pixels` is never used
#35 36.92   --> crates/photoctl-image/src/resample.rs:58:8
#35 36.92    |
#35 36.92 58 | pub fn project_supported_rgb_pixels(
#35 36.92    |        ^^^^^^^^^^^^^^^^^^^^^^^^^^^^
#35 36.92 
#35 36.92 warning: struct `SupportedProjectionTask` is never constructed
#35 36.92    --> crates/photoctl-image/src/resample.rs:101:12
#35 36.92     |
#35 36.92 101 | pub struct SupportedProjectionTask {
#35 36.92     |            ^^^^^^^^^^^^^^^^^^^^^^^
#35 36.92 
#35 39.13 warning: `photoctl-image` (lib test) generated 4 warnings
#35 39.13     Finished `test` profile [unoptimized + debuginfo] target(s) in 32.95s
#35 39.14   Executable unittests src/lib.rs (target/debug/deps/libraw_sys-26351d78b211e588)
#35 39.14   Executable unittests src/lib.rs (target/debug/deps/photoctl_image-1f11dd254271e10d)
#35 39.18    Compiling photoctl-image v0.1.0 (/workspace/crates/photoctl-image)
#35 42.27     Finished `dev` profile [unoptimized + debuginfo] target(s) in 3.12s
#35 42.34 Packaged packages/img-linux-arm64-gnu/photoctl-image.linux-arm64-gnu.node
#35 42.34 $ if [ "$(uname -s)" = Darwin ]; then swift build --package-path helpers/mac && node scripts/package-helper.mjs; else echo 'Swift build skipped (non-macOS)'; fi
#35 42.34 Swift build skipped (non-macOS)
#35 DONE 42.7s

#36 exporting to image
#36 exporting layers
#36 exporting layers 29.4s done
#36 exporting manifest sha256:9cde6cbf983525ffcc3f4cafe72797c362a75fbd817036a9f3b0fbae4c6f3877
#36 exporting manifest sha256:9cde6cbf983525ffcc3f4cafe72797c362a75fbd817036a9f3b0fbae4c6f3877 done
#36 exporting config sha256:14f83148d765a2bb95c58ff9e4ad19606a484e4eaa5dfb4d9a1d856fd5b8e557 done
#36 exporting attestation manifest sha256:94081758c20408f473c0072d7aee0033fc9e8acaf455a460e8c33025f4ad73db done
#36 exporting manifest list sha256:384117ed9367dbdd74d5876057437eac7a478dcd2baf18862589f1e10b23071b done
#36 naming to docker.io/library/test-gateway-fixture:latest done
#36 unpacking to docker.io/library/test-gateway-fixture:latest
#36 unpacking to docker.io/library/test-gateway-fixture:latest 8.8s done
#36 DONE 38.3s

#37 resolving provenance for metadata file
#37 DONE 0.1s
 Image test-gateway-fixture Built 
 Container test-gateway-fixture-1 Recreate 
 Container test-gateway-fixture-1 Recreated 
 Container test-gateway-fixture-1 Starting 
 Container test-gateway-fixture-1 Started 
 Image test-functional Building 
 Image test-gateway-fixture Building 
#1 [internal] load local bake definitions
#1 reading from stdin 1.09kB done
#1 DONE 0.0s

#2 [internal] load build definition from Dockerfile
#2 transferring dockerfile:
#2 transferring dockerfile: 2.68kB done
#2 DONE 0.1s

#3 [internal] load metadata for docker.io/library/node:24-trixie
#3 DONE 0.0s

#4 [internal] load metadata for docker.io/oven/bun:1.3.14
#4 DONE 0.0s

#5 [internal] load .dockerignore
#5 transferring context: 138B done
#5 DONE 0.0s

#6 [built  1/28] FROM docker.io/library/node:24-trixie@sha256:f7d34e58713740f9eef9092c0bd6ff10369d132f7238399a4b270f16d47fa608
#6 resolve docker.io/library/node:24-trixie@sha256:f7d34e58713740f9eef9092c0bd6ff10369d132f7238399a4b270f16d47fa608 done
#6 DONE 0.0s

#7 [bun 1/1] FROM docker.io/oven/bun:1.3.14@sha256:e10577f0db68676a7024391c6e5cb4b879ebd17188ab750cf10024a6d700e5c4
#7 resolve docker.io/oven/bun:1.3.14@sha256:e10577f0db68676a7024391c6e5cb4b879ebd17188ab750cf10024a6d700e5c4 done
#7 DONE 0.0s

#8 [internal] load build context
#8 transferring context: 514.92kB 0.2s done
#8 DONE 0.2s

#9 [built 24/28] COPY packages/render/package.json packages/render/package.json
#9 CACHED

#10 [built 15/28] COPY packages/library/package.json packages/library/package.json
#10 CACHED

#11 [built 22/28] COPY packages/mac-helper-darwin-arm64/package.json packages/mac-helper-darwin-arm64/package.json
#11 CACHED

#12 [built  2/28] COPY --from=bun /usr/local/bin/bun /usr/local/bin/bun
#12 CACHED

#13 [built  3/28] RUN apt-get update && apt-get install -y --no-install-recommends clang gcc-14 g++-14 cmake ninja-build python3 git curl ca-certificates && rm -rf /var/lib/apt/lists/*  && curl -fsSL --retry 10 --retry-all-errors https://sh.rustup.rs | RUSTUP_MAX_RETRIES=10 sh -s -- -y --profile minimal
#13 CACHED

#14 [built  5/28] COPY crates/photoctl-image/ort crates/photoctl-image/ort
#14 CACHED

#15 [built  6/28] RUN python3 crates/photoctl-image/ort/prepare.py --target "$(rustc -vV | sed -n 's/^host: //p')" --cache /workspace/target/ort-runtime
#15 CACHED

#16 [built 23/28] COPY packages/mac-helper-darwin-x64/package.json packages/mac-helper-darwin-x64/package.json
#16 CACHED

#17 [built 17/28] COPY packages/img-darwin-arm64/package.json packages/img-darwin-arm64/package.json
#17 CACHED

#18 [built 27/28] COPY . .
#18 CACHED

#19 [built  8/28] COPY apps/cli/package.json apps/cli/package.json
#19 CACHED

#20 [built 16/28] COPY packages/img/package.json packages/img/package.json
#20 CACHED

#21 [built 10/28] COPY apps/daemon/package.json apps/daemon/package.json
#21 CACHED

#22 [built 14/28] COPY packages/importer/package.json packages/importer/package.json
#22 CACHED

#23 [built 18/28] COPY packages/img-darwin-x64/package.json packages/img-darwin-x64/package.json
#23 CACHED

#24 [built 19/28] COPY packages/img-linux-arm64-gnu/package.json packages/img-linux-arm64-gnu/package.json
#24 CACHED

#25 [built  4/28] WORKDIR /workspace
#25 CACHED

#26 [built  7/28] COPY package.json bun.lock* bunfig.toml ./
#26 CACHED

#27 [built 20/28] COPY packages/img-linux-x64-gnu/package.json packages/img-linux-x64-gnu/package.json
#27 CACHED

#28 [built 25/28] COPY packages/test-harness/package.json packages/test-harness/package.json
#28 CACHED

#29 [built 11/28] COPY packages/protocol/package.json packages/protocol/package.json
#29 CACHED

#30 [built  9/28] COPY apps/workbench/package.json apps/workbench/package.json
#30 CACHED

#31 [built 13/28] COPY packages/commands/package.json packages/commands/package.json
#31 CACHED

#32 [built 26/28] RUN bun install --frozen-lockfile
#32 CACHED

#33 [built 12/28] COPY packages/providers/package.json packages/providers/package.json
#33 CACHED

#34 [built 21/28] COPY packages/mac-helper/package.json packages/mac-helper/package.json
#34 CACHED

#35 [built 28/28] RUN bun run build
#35 CACHED

#36 [models 1/1] RUN test -n "http://host.docker.internal:52436"  && node scripts/fetch-models.mjs "http://host.docker.internal:52436" /opt/photoctl/models
#36 0.697 fetched encoder.onnx 113d37e2911d63f84c16daa4944260382741738dec80248bfd7adea8a796311e
#36 0.697 fetched decoder.onnx be578ee71ad617050c9266b5c36f046302e8333a9e1d351f113848327b0f339d
#36 DONE 0.7s

#37 exporting to image
#37 exporting layers
#37 exporting layers 2.7s done
#37 exporting manifest sha256:be3a3324e6f7a66fb6fc699d2d09ec043d5e4776ff020523ed0b9abc0930b5bf done
#37 exporting config sha256:2139c1d8bf9a6e5c4e7f0d6b2c2301a723e49e9dcba0eb4c800b252b1765f0ac done
#37 exporting attestation manifest sha256:33c942955c094ea8063fb120db7ab13b9265ad099cf8dd95fefe4c94ce07faa5 0.0s done
#37 exporting manifest list sha256:71da814be24be5c5f635b5ae844210f0c43c325ac32e3f6a207baa9f147de6a8 0.0s done
#37 naming to docker.io/library/test-functional:latest done
#37 unpacking to docker.io/library/test-functional:latest
#37 unpacking to docker.io/library/test-functional:latest 0.6s done
#37 DONE 3.4s

#38 resolving provenance for metadata file
#38 DONE 0.1s
 Image test-functional Built 
 Container test-functional-run-da048ee94c34 Creating 
 Container test-functional-run-da048ee94c34 Created 
$ cargo test --workspace --no-run && cargo build -p photoctl-image && node scripts/package-native.mjs
   Compiling photoctl-image v0.1.0 (/workspace/crates/photoctl-image)
warning: struct `PixelFrameTransform` is never constructed
  --> crates/photoctl-image/src/resample.rs:17:12
   |
17 | pub struct PixelFrameTransform {
   |            ^^^^^^^^^^^^^^^^^^^
   |
   = note: `#[warn(dead_code)]` (part of `#[warn(unused)]`) on by default

warning: struct `FrameTransform` is never constructed
  --> crates/photoctl-image/src/resample.rs:23:8
   |
23 | struct FrameTransform {
   |        ^^^^^^^^^^^^^^

warning: function `project_supported_rgb_pixels` is never used
  --> crates/photoctl-image/src/resample.rs:58:8
   |
58 | pub fn project_supported_rgb_pixels(
   |        ^^^^^^^^^^^^^^^^^^^^^^^^^^^^

warning: struct `SupportedProjectionTask` is never constructed
   --> crates/photoctl-image/src/resample.rs:101:12
    |
101 | pub struct SupportedProjectionTask {
    |            ^^^^^^^^^^^^^^^^^^^^^^^

warning: `photoctl-image` (lib test) generated 4 warnings
    Finished `test` profile [unoptimized + debuginfo] target(s) in 2.20s
  Executable unittests src/lib.rs (target/debug/deps/libraw_sys-26351d78b211e588)
  Executable unittests src/lib.rs (target/debug/deps/photoctl_image-1f11dd254271e10d)
   Compiling photoctl-image v0.1.0 (/workspace/crates/photoctl-image)
    Finished `dev` profile [unoptimized + debuginfo] target(s) in 1.49s
Packaged packages/img-linux-arm64-gnu/photoctl-image.linux-arm64-gnu.node

 RUN  v3.2.7 /workspace

 ✓ packages/commands/src/outpaint-canvas.test.ts (28 tests) 33864ms
   ✓ retouch rejects an excluded corner inside a rotated border viewport at straighten 0 without a revision  1161ms
   ✓ retouch rejects an excluded corner inside a rotated border viewport at straighten 5 without a revision  869ms
   ✓ SAM sees source-only pixels in the expanded canvas without reactivating its consumed crop  805ms
   ✓ SAM retains inherited source exclusions after an earlier border is removed  813ms
   ✓ offline SAM grounding retains the canvas viewport at source-only density beside native border pixels  797ms
   ✓ canvas publication rejects mismatched intrinsic pixels without activating a border  710ms
   ✓ a border transform moves its full intrinsic pixels and extent without moving the original interior  943ms
   ✓ a later expansion preserves the complete visible input after an earlier border moves  1050ms
   ✓ coincident border copies preserve authored support until the final copy is cleared  905ms
   ✓ border reorder changes overlapping paint without changing the authored canvas or original interior  925ms
   ✓ an arbitrary border rotation moves its ring and hole while original pixels stay fixed  979ms
   ✓ an exterior crop keeps the available offline density instead of inventing full-resolution pixels  954ms
   ✓ a full-density border remains native when only the original source falls back to a smaller preview  1066ms
   ✓ an invisible border cannot raise offline sampling inside its transparent hole  803ms
   ✓ shrinking a high-density border inside the original does not enlarge native output sampling  853ms
   ✓ uncovered canvas status survives cached show and skipped export and ignores intentional border opacity  949ms
   ✓ removing the last border retains an exterior crop and makes only unsupported coordinates black  905ms
   ✓ new original-only crops may be partly exterior but reject disjoint and unsafe enlargement before a revision  751ms
   ✓ a new crop validates the visible intersection after its requested aspect constraint  681ms
   ✓ aspect activation restricts the authored canvas without reactivating its consumed crop  1158ms
   ✓ post-border aspect precedes the replaceable orientation tail and restores exact authored pixels  2733ms
   ✓ new crop validation ignores a consumed aspect instead of refusing a visible intersection  1625ms
   ✓ auto-enhance and its undo inherit consumed geometry without reactivating restrictions  1256ms
   ✓ preset overlays preserve consumed crop while copy and reset explicitly replace its intent  1287ms
   ✓ revision undo restores border pixels and consumed geometry after removal and a later crop  1335ms
   ✓ a deterministic border expands the cropped rotated photograph and survives ordinary layer edits  2762ms
   ✓ straightened borders preserve inherited exclusions and restore the current controls when disabled  3490ms
   ✓ a post-border local layer retains extension pixels while a pre-border hidden layer stays excluded  1294ms
 ✓ packages/render/src/graph/store.test.ts (23 tests) 16544ms
   ✓ strict initial document snapshots admit only one concurrent initializer  1144ms
   ✓ photographic revisions derive output from the resolved layer snapshot and refuse competing output intent  892ms
   ✓ geometry intent is an immutable inherited revision root, restored by undo without pixel executions  854ms
   ✓ one revision atomically stores a chain with ordered shared inputs and redirects output  756ms
   ✓ concurrent source document initialization converges on one active revision  822ms
   ✓ logical mutations are immutable, lazy, CAS-protected, and undoable  838ms
   ✓ local cycles and cross-photo edges roll back without partial graph state  786ms
   ✓ the same logical recipe is valid in two photo-scoped graphs  856ms
   ✓ revision inheritance stays in its photo when revision UUIDs repeat  723ms
   ✓ a paid nondeterministic ancestor cannot become active before artifact publication  577ms
   ✓ unreachable drafts and node-only revisions are refused without debris  559ms
   ✓ a prepared provider execution must be reachable from the resulting roots  576ms
   ✓ a revision may redirect its root to an existing node without adding nodes  711ms
   ✓ a layer-free base update advances the identical output projection  764ms
   ✓ layer mutations create immutable complete snapshots and exact composite-v2 projections  760ms
   ✓ invalid layer relationships and composite projections roll back every new identity and node  616ms
   ✓ an unpublished permanent mask pin cannot enter an active snapshot  608ms
   ✓ an output wrapper cannot relabel RGB pixels as a mask  594ms
   ✓ an RGB-only operation cannot relabel a mask branch as layer content  615ms
   ✓ an activated RGB branch cannot hide an unpublished permanent mask pin  664ms
   ✓ a permanent mask cannot become the document's RGB base and output  590ms
   ✓ affine resample accepts only its declared intrinsic RGB input  603ms
   ✓ layer identity lookup accepts only a full id or an unambiguous photo-scoped prefix  634ms
 ✓ packages/render/src/graph/evaluator.test.ts (20 tests) 14952ms
   ✓ equal pixels retain distinct source treatment through deterministic descendants  1095ms
   ✓ equal RGB artifacts do not collapse executions with different realized frames  992ms
   ✓ structured sources expose decode failure without masking graph errors  742ms
   ✓ affine resample translates an intrinsic RGB image onto a protected zero canvas  881ms
   ✓ affine resample applies a uniform scale directly into the output canvas  953ms
   ✓ affine resample quarter-rotates exactly and clips pixels outside the canvas  885ms
   ✓ historical resample v1 recipes remain evaluable  739ms
   ✓ evaluation failure before publication or database commit cannot create active missing state  755ms
   ✓ deterministic evaluations reuse while nondeterministic attempts retain distinct identities  722ms
   ✓ external nodes cannot commit a successful execution without provider provenance  737ms
   ✓ provider provenance cannot disagree with the immutable node recipe  668ms
   ✓ source fallback keeps render state stable while recording a distinct source execution  594ms
   ✓ markup and develop geometry scale from catalog space to a smaller evaluated source  657ms
   ✓ changed source pixels at the same locator create a new source evaluation  640ms
   ✓ develop nodes run the native global grade without caller-supplied operations  596ms
   ✓ develop exposure acts on preserved scene-linear values above the display ceiling  588ms
   ✓ delta nodes compensate an existing scene-linear branch through the native evaluator  615ms
   ✓ delta nodes apply bounded white-balance compensation in scene-linear space  680ms
   ✓ a requested execution id belongs only to the top nondeterministic node  700ms
   ✓ reevaluation repairs missing and corrupt canonical artifacts  713ms
 ✓ packages/commands/src/paired-import.test.ts (20 tests) 38370ms
   ✓ paired import is one logical photo with independently identified RAW and JPEG originals  3171ms
   ✓ a valid ARW survives a corrupt JPG regardless of companion-only policy  809ms
   ✓ a valid JPG survives a corrupt ARW regardless of companion-only policy  1165ms
   ✓ camera JPEG keeps its own full dimensions and cache across RAW edits  6820ms
   ✓ late pairing preserves existing raw edit ownership  1288ms
   ✓ late pairing preserves existing jpeg edit ownership  1375ms
   ✓ late pairing preserves existing both edit ownership  1398ms
   ✓ an existing pair cannot acquire a second distinct JPEG but accepts another locator  2264ms
   ✓ an online camera JPEG does not make a missing RAW primary available  3080ms
   ✓ content preflight reports progress before catalog admission begins  1820ms
   ✓ replacing bytes at an imported locator cannot reparent that locator  1529ms
   ✓ same-stem originals with contradictory capture metadata are not paired  1627ms
   ✓ ambiguous case-folded stems do not starve an unrelated valid original  2689ms
   ✓ explicit raw ignores ambiguity only in the excluded kind  2033ms
   ✓ explicit jpeg ignores ambiguity only in the excluded kind  1290ms
   ✓ explicit raw companion policy retains only selected paired originals  1076ms
   ✓ explicit jpeg companion policy retains only selected paired originals  1133ms
   ✓ explicit both companion policy retains only selected paired originals  1610ms
   ✓ failure copying the JPEG rolls back the already copied RAW and pair publication  1059ms
   ✓ paired copy retains both original byte streams and logical removal trashes both  1130ms
 ✓ packages/commands/src/fill-strict.test.ts (18 tests) 15347ms
   ✓ historical fill frames recover without replaying paid generation  1132ms
   ✓ strict fill commits generated pixels through a mask composite without changing uncovered samples  861ms
   ✓ same-ratio provider dimensions remain intrinsic until the graph placement  785ms
   ✓ strict fill rejects a whole-frame provider result with data exit 65 and no revision  733ms
   ✓ a smaller provider raster remains intrinsic for density planning  752ms
   ✓ an unexplained provider aspect change is discarded before graph activation  728ms
   ✓ expanded fill changes the final document outside the selection and preserves its effective exterior  987ms
   ✓ moving an expanded edge selection anchors the subject and vacancy to original selection intent  776ms
   ✓ feather coverage is applied once through fill, fractional transforms, and refresh  1041ms
   ✓ develop projection preserves single coverage: 'fractional online'  824ms
   ✓ develop projection preserves single coverage: 'fractional offline'  905ms
   ✓ develop projection preserves single coverage: 'same-size rotation'  916ms
   ✓ develop projection preserves single coverage: 'origin crop'  890ms
   ✓ renderer correction bypasses warmed old pixels and views without replaying paid generation  907ms
   ✓ free fit softens selection and explicit zero strength removes feather without growing the next selection  873ms
   ✓ free fit accepts declared whole-frame edits while the effective mask still owns coverage  762ms
   ✓ invalid fit and strength fail before generation or revision changes  686ms
   ✓ prompt fill stores the exact instruction in its immutable generation recipe  788ms
 ✓ packages/commands/src/full-frame-geometry.test.ts (28 tests) 26082ms
   ✓ retouch accepts a generated corner only while its photographic layer supplies coverage  1620ms
   ✓ preview metadata follows the reused deterministic execution's source tier  791ms
   ✓ non-power reduced retained input can refresh inside its captured fractional viewport  861ms
   ✓ reconstructed reduced input cannot outrank a better available pinned source  836ms
   ✓ a retained native photographic input outranks a smaller pinned fallback  801ms
   ✓ retained-only show after full-frame refresh works with both original and pinned source absent  1153ms
   ✓ retained-only export after full-frame refresh works with both original and pinned source absent  1115ms
   ✓ retained-only display never replays a missing paid artifact  759ms
   ✓ retained-only display never replays a corrupt paid artifact  754ms
   ✓ unusable missing retained full-frame input never purchases replacement pixels  761ms
   ✓ unusable corrupt retained full-frame input never purchases replacement pixels  770ms
   ✓ a lost full-frame refresh response leaves the active branch intact and is not replayed by show  895ms
   ✓ full-frame refresh keeps its authored viewport while applying current photometric develop  1001ms
   ✓ refresh honors captured predecessor enablement and removal rather than today's stack  1239ms
   ✓ unchanged deterministic full-frame response preserves intermediate-strength pixels on refresh  926ms
   ✓ generated detail at strength 0 cannot certify a reduced original as native  776ms
   ✓ generated detail at strength 0.35 cannot certify a reduced original as native  820ms
   ✓ generated detail at strength 1 cannot certify a reduced original as native  827ms
   ✓ transforming a cropped retouch preserves its authored mask placement  1011ms
   ✓ full-frame edits retain cropped coordinates through show, toggle, later crop, remove and undo  1224ms
   ✓ full-frame publication failure leaves the active photo intact and retains purchased bytes  843ms
   ✓ relight transmits the photographic predecessors while leaving visible markup editable  1102ms
   ✓ straightened full-frame generation applies strength 0 exactly once  864ms
   ✓ straightened full-frame generation applies strength 0.35 exactly once  843ms
   ✓ straightened full-frame generation applies strength 1 exactly once  886ms
   ✓ same-size shifted viewports never move a full-frame purchase with the crop  938ms
   ✓ a concurrent revision wins without losing the rejected full-frame purchase  757ms
   ✓ explicit full-frame refresh purchases its captured predecessors without consuming itself or successors  902ms
 ✓ packages/render/src/develop/pixels.test.ts (58 tests) 241ms
 ✓ packages/commands/src/show.test.ts (10 tests) 8347ms
   ✓ unedited default show uses the pinned overview without publishing full graph artifacts  1013ms
   ✓ show preserves the exact 'reduced' frame through native and cached detail  801ms
   ✓ show preserves the exact 'full' frame through native and cached detail  776ms
   ✓ show normalizes empty stored metadata to the public nullable shape  989ms
   ✓ show warns when an online locator cannot provide the catalogued source  817ms
   ✓ show preserves a preview-cache destination failure  749ms
   ✓ show indexes a derived preview only after returning a readable artifact  669ms
   ✓ show materializes pixels from the active global develop node  752ms
   ✓ show derives overview and detail from the current native master  874ms
   ✓ show reports and renders the active base-space crop and quarter-turn  905ms
 ✓ apps/daemon/src/workers/embed-consent.test.ts (17 tests) 12044ms
   ✓ ambient credentials do no image work until embed or init auto supplies consent  950ms
   ✓ a command can refresh the worker key and cache context after daemon startup  714ms
   ✓ a retryable short batch wakes at cooldown even after a foreground kick  710ms
   ✓ automatic embedding stops after one configuration failure and resumes on refreshed context  1159ms
   ✓ one HTTP 400 image rejection does not configuration-pause later photos  677ms
   ✓ worker stop aborts an in-flight provider request  853ms
   ✓ foreground pause reaches a database-safe point before a transaction and resumes  766ms
   ✓ worker stop interrupts provider retry backoff  681ms
   ✓ a successful provider call with a failed catalog write escapes and stops automatic work  776ms
   ✓ a slow failing sweep attempts more than 100 photos in catalog order  1383ms
   ✓ one missing preview does not starve later items in embed --all  702ms
   ✓ embed --all reports totals while bounding retained per-photo failures  758ms
   ✓ explicit embed batches reject input that cannot have a bounded response  623ms
   ✓ explicit embed rejects an oversized ID without echoing it  632ms
   ✓ explicit duplicate IDs finish progress for every returned item  657ms
 ✓ packages/commands/src/layer-density-transform.test.ts (16 tests) 14984ms
   ✓ generated layer density transforms > generated movement and shrinking use pinned density without reading provider configuration  1176ms
   ✓ generated layer density transforms > fill preserves its branch identity and refuses stale activation after settings lookup  983ms
   ✓ generated layer density transforms > layer preserves its branch identity and refuses stale activation after settings lookup  928ms
   ✓ generated layer density transforms > combined move and scale commits density and vacancy in the same revision  1008ms
   ✓ generated layer density transforms > a failed combined scale keeps prior pixels and plain moves do not retry it  932ms
   ✓ generated layer density transforms > a concurrent edit retains combined-scale output without publishing a vacancy or replaying  910ms
   ✓ generated layer density transforms > combined move refuses border layers without changing outpaint or invoking providers  931ms
   ✓ generated layer density transforms > a larger uniform scale runs the smallest sufficient upscale from generation  915ms
   ✓ generated layer density transforms > auto intent survives a sufficient no-upscale fill for later scaling  866ms
   ✓ generated layer density transforms > an explicit no-upscale refill replaces earlier automatic density intent  945ms
   ✓ generated layer density transforms > density growth is relative to scale already baked into generation input  960ms
   ✓ generated layer density transforms > an adapter upgrade is paid once and then reuses its exact direct child  931ms
   ✓ generated layer density transforms > a limit-bound upscale reports the density planner warning  919ms
   ✓ generated layer density transforms > move, flip, and quarter rotation reuse pinned pixels without provider availability  876ms
   ✓ generated layer density transforms > a failed larger upscale still commits the transform with the best prior pixels  805ms
   ✓ generated layer density transforms > a layer transformed before fill rebases onto affine placement  899ms
 ✓ packages/commands/src/segment-text-fake.test.ts (14 tests) 14714ms
   ✓ segmentation rejects a revision changed during inference through a shared handle (existing=false)  936ms
   ✓ segmentation rejects a revision changed during inference through a shared handle (existing=true)  697ms
   ✓ slow SAM initialization reports progress before inference can proceed  5704ms
   ✓ failed local initialization emits runtime diagnostics through command stderr events  630ms
   ✓ empty production grounding preserves JPEG bytes without encoding or evicting features  711ms
   ✓ production text grounding uses the cropped render box and commits masks in base coordinates  761ms
   ✓ default command adapter segments pinned develop pixels and dry-run leaves graph rows untouched  744ms
   ✓ production SAM reports missing model files before touching the document  618ms
   ✓ SAM uses the catalog's already-oriented portrait dimensions  679ms
   ✓ text grounding creates one base-coordinate mask layer per returned instance  739ms
   ✓ text dry-run returns grounded masks without creating graph or layer rows  618ms
   ✓ point segmentation preserves every point and an optional box in base coordinates  649ms
   ✓ text with no grounded matches succeeds without creating a revision  614ms
   ✓ a non-positive SAM box is rejected before local segmentation  612ms
 ✓ apps/cli/src/daemon-lifecycle.test.ts (18 tests) 38762ms
   ✓ daemon start returns its verified status without probing again  1098ms
   ✓ a disconnected control client does not kill the daemon  2033ms
   ✓ a lost response does not replay a committed command  1136ms
   ✓ init leaves its new library served by the daemon  1603ms
   ✓ init remains successful when its optional daemon start fails  1166ms
   ✓ a failed daemon startup reports its 'exit' and releases the inherited lock  2019ms
   ✓ a failed daemon startup reports its 'signal' and releases the inherited lock  1963ms
   ✓ the first ordinary command starts one daemon and status reports it  2087ms
   ✓ an idle daemon accepts an uncontended request with a zero lock budget  1851ms
   ✓ no-daemon stops a live daemon before opening the library in-process  2158ms
   ✓ daemon stop does not report success while a live holder is unresponsive  2113ms
   ✓ a command respawns the daemon after an unclean kill  2173ms
   ✓ a stale socket payload owned by a dead pid is replaced once  1746ms
   ✓ a dead socket with a live-looking pid reports the replacement daemon  1747ms
   ✓ an accepting impostor reports an unknown outcome before explicit recovery  1880ms
   ✓ a live daemon from another photoctl version stops before replacement  1996ms
   ✓ removing the library mount causes a graceful daemon stop  1687ms
   ✓ the imported-image journey runs through one persistent daemon handle  8305ms
 ✓ packages/commands/src/cull.test.ts (12 tests) 8099ms
   ✓ rate reports a missing item without starving valid photos  1092ms
   ✓ list filters and orders catalog rows while resolving current online state  705ms
   ✓ limited list checks only returned originals and refreshes volume availability  703ms
   ✓ limited stale-XMP list counts every match before materializing availability  760ms
   ✓ next keeps an independent ordered cursor per filter and reset rewinds it  727ms
   ✓ next advances its cursor only after the pinned preview is deliverable  672ms
   ✓ streamed list pages rows in order and waits for each consumer  845ms
   ✓ removing several photos requires explicit confirmation before any mutation (["--from-disk"])  652ms
   ✓ removing several photos requires explicit confirmation before any mutation ([])  637ms
   ✓ remove restores source, cache and graph when post-teardown failure is false  650ms
   ✓ remove restores source, cache and graph when post-teardown failure is true  652ms
 ✓ packages/commands/src/generate.test.ts (9 tests) 6656ms
   ✓ reference-only generation sends variation intent and retains its source without importing it  1033ms
   ✓ generation refuses an unsupported required reference before buying an unrelated image (strength=false)  670ms
   ✓ generation refuses an unsupported required reference before buying an unrelated image (strength=true)  646ms
   ✓ reference-guided generation retains an immutable reachable image without importing another photo  760ms
   ✓ generate imports the canonical provider artifact with durable provenance and no automatic upscale  734ms
   ✓ explicit generate upscale reaches the requested size and sends a normalized reference  789ms
   ✓ generate provider geometry failure leaves no catalog or graph state  661ms
   ✓ generate without gateway credentials fails before catalog mutation  633ms
   ✓ explicit upscale preserves provider pixels that already cover the requested size  729ms
 ✓ packages/commands/src/fill-move.test.ts (7 tests) 5850ms
   ✓ combined move and scale multiplies current geometry in one vacancy revision  1117ms
   ✓ combined scale preserves rotation and uses oriented normalized target coordinates  765ms
   ✓ manual movement and transforms do not depend on provider configuration  771ms
   ✓ fill --move moves subject pixels and mask atomically while retaining one original vacancy  820ms
   ✓ vacancy warnings follow the snapped active revision even when export skips evaluation  819ms
   ✓ develop reports and counts only photographic layers while vacancy pixels remain exact  834ms
   ✓ fill --move validates its exclusive coordinate modes and subject role  724ms
 ✓ packages/commands/src/outpaint-refresh.test.ts (10 tests) 15608ms
   ✓ camera JPEG refresh retains its cropped provider frame and updates photographic input  6878ms
   ✓ outpaint retry reuses pinned generation after current edits and retries only failed density  984ms
   ✓ failed outpaint refresh preserves the active snapshot while retaining reusable preparation  886ms
   ✓ outpaint refresh rejects a source edit during generation through a shared handle  817ms
   ✓ refresh preserves a moved border's placement and does not expand its authored provider frame  959ms
   ✓ outpaint refresh samples current source edits inside its fixed authored frame  954ms
   ✓ density-only outpaint refresh keeps its pinned generation despite current edits  1002ms
   ✓ refresh excludes later photographic paint even after it is reordered below the border  1092ms
   ✓ removing an authored predecessor does not revive excluded source pixels during refresh  1009ms
   ✓ refresh samples an authored predecessor's current enabled state and opacity  1025ms
 ✓ packages/commands/src/fill-refresh.test.ts (7 tests) 6388ms
   ✓ fill branch refresh > generation refresh adopts current develop and rebuilds deterministic descendants  1256ms
   ✓ fill branch refresh > upscale refresh reuses generation and creates a new pinned execution  891ms
   ✓ fill branch refresh > refresh records the currently executing adapter and model versions  911ms
   ✓ fill branch refresh > upscale refresh still requires configured provider consent  762ms
   ✓ fill branch refresh > generation refresh rebases a transformed pre-fill input onto current pixels  930ms
   ✓ fill branch refresh > generation refresh renormalizes placement when intrinsic dimensions change  874ms
   ✓ fill branch refresh > refresh refuses a lookalike branch that is not the canonical strict fill recipe  763ms
 ✓ apps/cli/src/first-jpeg.test.ts (13 tests) 47978ms
   ✓ imports one linked ARW and returns its photo id  1579ms
   ✓ show preserves fixture metadata and shot offset across host timezones  2721ms
   ✓ show reports limited offline detail and promotes it when the full source returns  10387ms
   ✓ export renders the full source as a profiled delivery JPEG  7964ms
   ✓ offline export renders the pinned preview and warns  2157ms
   ✓ offline export without a pinned preview returns the stable unavailable envelope  2421ms
   ✓ import counts an unsupported file without opening it as a photo  1574ms
   ✓ import skips plain text without creating a photo  2042ms
   ✓ import skips truncated TIFF without creating a photo  1981ms
   ✓ a bad export id does not starve a later valid photo  7545ms
   ✓ an offline volume is authoritative before import inspects source bytes  1238ms
   ✓ reimport returns the same photo id and locator  3149ms
   ✓ reimport repairs a missing pinned preview  3218ms
 ✓ packages/commands/src/layers.test.ts (4 tests) 3759ms
   ✓ manual box segmentation creates a permanent layer without eagerly evaluating pixels  1066ms
   ✓ manual layer commands create immutable revisions and retain stable identities  1122ms
   ✓ show lazily evaluates a transformed manual layer through the production graph  840ms
   ✓ manual layer commands reject ambiguous or invalid command values  731ms
 ✓ apps/workbench/src/upscale-spike.test.ts (10 tests) 1144ms
   ✓ identical source requests share a provider result across distinct inspection crops and categories  347ms
   ✓ built CLI retains mask context and all declared validation categories  464ms
 ✓ packages/library/src/migrations/runner.test.ts (10 tests) 6093ms
   ✓ migrations are repeatable and record each version once  882ms
   ✓ the latest schema supports promoted sampled-key collisions and cull state  603ms
   ✓ the latest schema permits affine resample recipes while rejecting unknown source versions  601ms
   ✓ rejects the non-prefix migration ledger 2 before applying schema  545ms
   ✓ rejects the non-prefix migration ledger 1,3 before applying schema  557ms
   ✓ rejects the non-prefix migration ledger 1,2,3,4,5,6,7,8,9,10,11,12,13,14,15,16,17,18,19,20,21,22 before applying schema  547ms
   ✓ latest-schema verification rejects a missing required constraint  587ms
   ✓ latest-schema verification rejects a missing required index  589ms
   ✓ the graph schema separates logical nodes from reusable and attempted executions  598ms
   ✓ the layer schema keeps identities, snapshots, graph roots, and photos in one ownership boundary  583ms
 ✓ apps/workbench/src/cli.test.ts (10 tests) 4194ms
   ✓ library renders current schema, row counts, backups, and indexed cache bytes  1256ms
   ✓ graph renders a source to develop to output structure with revision identities  881ms
   ✓ graph follows bounded inspection pages through the active output lineage  1001ms
   ✓ layers renders the immutable stack beside its DAG roots with a legible vacancy  1030ms
 ✓ packages/commands/src/develop.test.ts (10 tests) 9707ms
   ✓ develop resolves a preset before set and persists the exact resolved dictionary  1195ms
   ✓ unset, reset, and copy-from replace state without accumulating edit history  1258ms
   ✓ reset can establish an identity base before a preset and explicit set  1033ms
   ✓ library presets override package presets and are returned as resolved data  942ms
   ✓ develop keeps successful items in a mixed batch and reports the missing input  796ms
   ✓ per-photo graph read and commit failures do not starve the develop batch  887ms
   ✓ a per-photo mutation validation failure becomes a batch result  776ms
   ✓ develop rejects a new crop disjoint from the visible canvas before committing it  786ms
   ✓ replaying an absolute mutation returns the same develop and render identities  1011ms
   ✓ develop reports compensated and stale layer identities with a non-blocking stale warning  1021ms
 ✓ packages/commands/src/outpaint-generation.test.ts (4 tests) 4114ms
   ✓ outpaint finalizes a retained paid attempt when exterior publication fails  1057ms
   ✓ outpaint keeps usable generation and its extent when configured upscaling fails  854ms
   ✓ outpaint sends the source in an exterior-only frame and activates one border (edited=true)  1103ms
   ✓ outpaint sends the source in an exterior-only frame and activates one border (edited=false)  1100ms
 ✓ packages/commands/src/outpaint-density-transform.test.ts (8 tests) 7847ms
   ✓ outpaint refresh introduces density work when the first generation needed none  1246ms
   ✓ new refresh density demand cannot bypass provider consent  920ms
   ✓ outpaint refresh replans upscale density after a failed enlargement  1080ms
   ✓ deterministic border placement retains independent native RGB and mask rasters  943ms
   ✓ native-density border keeps live interior, opacity, reversible extent and cached density  1118ms
   ✓ pinned outpaint retry does not decode its historical photographic input  775ms
   ✓ explicit outpaint retry satisfies moved enlarged density without generating again  936ms
   ✓ enlarged outpaint retains native upscaler detail without regenerating its border  827ms
 ✓ packages/render/src/preview.test.ts (9 tests) 933ms
   ✓ default overview derives from a sufficient master without rendering again  356ms
 ✓ packages/commands/src/xmp-roundtrip.test.ts (5 tests) 4661ms
   ✓ explicit XMP write round-trips catalog cull metadata without touching image bytes  1627ms
   ✓ sync --read replaces sidecar-owned fields, preserves an absent flag, and clears stale diagnostics  708ms
   ✓ a read-only whole-file sidecar failure does not starve an embedded-container write  864ms
   ✓ an item-local filesystem shape error does not abort later writes  735ms
   ✓ a post-verification sidecar conflict fails one item without starving the batch  725ms
 ✓ packages/commands/src/fill-upscale-policy.test.ts (11 tests) 9299ms
   ✓ fill upscale policy > changing only upscale policy preserves the generation attempt across execution aliases  1197ms
   ✓ fill upscale policy > configured auto upscale owns policy and inserts one upscale before placement  847ms
   ✓ fill upscale policy > --no-upscale overrides configured auto without calling the adapter  773ms
   ✓ fill upscale policy > unconfigured auto preserves the successful generation with a soft warning  774ms
   ✓ fill upscale policy > sufficient intrinsic generation skips the paid upscaler  755ms
   ✓ fill upscale policy > --upscale-model implies enabled and overrides an off library model  793ms
   ✓ fill upscale policy > adapter limits use the largest valid scale and report unsatisfied output density  800ms
   ✓ fill upscale policy > a reversible provider frame is cropped before the single exact placement  785ms
   ✓ fill upscale policy > source limits remain separate when output density is satisfied  829ms
   ✓ fill upscale policy > a matching cached upscale is reused before exact placement  873ms
   ✓ fill upscale policy > a cached upscale from another adapter version is rejected while generation is reused  872ms
 ✓ packages/render/src/graph/recipes.test.ts (21 tests) 11ms
 ✓ packages/commands/src/provider-retention.test.ts (6 tests) 7317ms
   ✓ source-less generation retains its exact wrongaspect response with corrupt backup files  1959ms
   ✓ source-less generation retains its exact wrongaspect response with intact backup files  1624ms
   ✓ source-less generation retains its exact wrongaspect response with missing backup files  1576ms
   ✓ source-less generation retains its exact normal response with intact backup files  785ms
   ✓ source-less generation retains its exact commit-failure response with intact backup files  683ms
   ✓ source-less generation retains its exact cache-failure response with intact backup files  690ms
 ✓ packages/providers/src/provider-fake.test.ts (15 tests) 41ms
 ✓ apps/workbench/src/fill.test.ts (7 tests) 3172ms
   ✓ outpaint report exposes native border detail and authored exterior coverage without paid calls  1244ms
   ✓ fill renders one self-contained native crop from the immutable before, generated, and current artifacts  1169ms
   ✓ fill refuses an active mask layer that has no committed fill ancestry  758ms
 ✓ packages/commands/src/search-hybrid.test.ts (5 tests) 4579ms
   ✓ hybrid search returns tag-only and vector-only hits in deterministic RRF order  1183ms
   ✓ search without an explicit key stays text-only and warns  985ms
   ✓ text search normalizes filename, folder, and tag punctuation like the index  956ms
   ✓ search keeps text hits when the optional vector provider rejects or cannot serve  736ms
   ✓ vector ranking returns every current-model hit despite many closer old-model rows  719ms
 ✓ packages/commands/src/crop.test.ts (9 tests) 11732ms
   ✓ auto crop reports progress while photographic evaluation is pending  6143ms
   ✓ crop abstains on blank photographic output despite strong vector markup and still applies explicit aspect  864ms
   ✓ crop composes a residual with manual straighten, then repeated level detection is a revision no-op  811ms
   ✓ crop uses the quarter-turned photographic view and the pinned offline source  790ms
   ✓ auto rotates the visible expanded canvas without reactivating its consumed crop  854ms
   ✓ crop refuses to commit an estimate when another edit wins after the photographic snapshot  730ms
   ✓ conflicting photographic lines leave the revision and straighten untouched  717ms
   ✓ auto bounds large odd-sized photographic rasters without changing their line direction  820ms
 ✓ packages/library/src/restore.test.ts (8 tests) 14395ms
   ✓ restore replaces changed rows with the validated snapshot  1795ms
   ✓ metadata restore preserves live library presets  1491ms
   ✓ invalid SQL leaves the original library byte-for-byte usable  1298ms
   ✓ a process interruption between directory renames is refused by open and rolled back on retry  2471ms
   ✓ a process interruption after promotion but before its journal update restores the original  2608ms
   ✓ a crash during rollback deletion keeps the committed promoted library  1912ms
   ✓ a failure publishing the first journal releases both locks and removes the stage  1439ms
   ✓ restore rejects a dump with a future migration ledger and preserves the original  1382ms
 ✓ apps/cli/src/backup-restore.test.ts (9 tests) 22833ms
   ✓ the real CLI restores imported photo identities and content keys  4516ms
   ✓ invalid restore SQL reports catalog_unreadable without replacing the library  2869ms
   ✓ restore reports exit 75 while another process holds the library  1937ms
   ✓ the daemon creates one automatic backup and deduplicates successful opens  1749ms
   ✓ a persistent daemon reports the current fresh schema on repeated migrate  1808ms
   ✓ an automatic backup failure is logged without failing library work  1719ms
   ✓ direct no-daemon commands never create automatic snapshots  1522ms
   ✓ restore stops a live daemon and performs the directory swap directly  2993ms
   ✓ restore --path replaces a mismatched Postgres cluster with a current dump  3719ms
 ✓ apps/cli/src/search-embed.test.ts (5 tests) 49743ms
   ✓ auto import reports queued cost and the built CLI streams keyless text hits  1842ms
   ✓ a running daemon applies the importing command's embedding key and cache root  2313ms
   ✓ a foreground tag quiesces an in-flight worker and then resumes it  3144ms
   ✓ a foreground embed emits progress while one provider request is still in flight  7646ms
   ✓ daemon search stays alive through provider retry and returns text fallback  34798ms
 ✓ apps/cli/src/library-lifecycle.test.ts (13 tests) 17142ms
   ✓ init creates a library with default settings  1167ms
   ✓ doctor reports persisted library settings  1653ms
   ✓ doctor rejects positional arguments  1278ms
   ✓ init refuses to replace an existing library  2249ms
   ✓ doctor waits for a live library holder and succeeds after release  1786ms
   ✓ doctor reports the live holder when its lock budget expires  1484ms
   ✓ doctor reclaims a lock left by a dead process  1536ms
   ✓ SIGINT releases the library lock  1941ms
   ✓ SIGTERM releases the library lock  1926ms
   ✓ doctor recovers after a holder is killed without cleanup  1792ms
 ✓ packages/commands/src/decode.test.ts (6 tests) 7900ms
   ✓ decode publishes a new TIFF without replacing output  1136ms
   ✓ decode publishes a new TIFF without replacing occupied  859ms
   ✓ decode publishes a new TIFF without replacing hardAlias  786ms
   ✓ decode publishes a new TIFF without replacing symbolicAlias  772ms
   ✓ decode publishes a new TIFF without replacing source  773ms
   ✓ decode writes native decoder output through the shared 16-bit TIFF boundary  3572ms
 ✓ packages/commands/src/fill-input-frame.test.ts (5 tests) 6102ms
   ✓ fill samples authored coordinates from 'nonorigin crop' and refreshes them  1601ms
   ✓ fill samples authored coordinates from 'quarter rotation' and refreshes them  1208ms
   ✓ fill samples authored coordinates from 'fractional straighten' and refreshes them  1074ms
   ✓ fill samples authored coordinates from 'offline density' and refreshes them  972ms
   ✓ fill samples authored coordinates from 'clipped coverage' and refreshes them  1247ms
 ✓ packages/render/src/graph/composite-evaluator.test.ts (4 tests) 3007ms
   ✓ composite v2 folds ordered content-mask pairs without changing uncovered samples  991ms
   ✓ a permanent mask pin refuses an RGB artifact with the same file extension  680ms
   ✓ strict mask composite copies every zero-coverage base sample exactly  689ms
   ✓ a corrupt permanent mask is marked unavailable on its first evaluation  646ms
 ✓ apps/cli/src/file-source.test.ts (6 tests) 15112ms
   ✓ accepted file-source images import and export without descriptive EXIF  4472ms
   ✓ an oriented whole-file image is not rotated again from its pinned preview  2632ms
   ✓ a missing extensionless source is not reported as a skipped format  1465ms
   ✓ directory import admits supported top-level files  1823ms
   ✓ a PNG with a JPEG extension is rendered instead of copied into a false JPEG  2595ms
   ✓ an unusable cache root returns a stable JSON destination error  2124ms
 ✓ packages/commands/src/white-balance.test.ts (7 tests) 7934ms
   ✓ white-balance eyedropper stores a neutral correction and repeats without another revision  1506ms
   ✓ sampling excludes user grade and markup and maps normalized base coordinates while offline  1202ms
   ✓ black, outside, and malformed samples leave the snapped document unchanged  1087ms
   ✓ portrait orientation and reduced offline pixels keep the oriented base sample  1109ms
   ✓ fractional regions include their near centers and exclude their far centers  1137ms
   ✓ an out-of-range neutral reports its remaining color without widening controls  1003ms
   ✓ a concurrent develop edit is not overwritten by a sampled stale snapshot  889ms
 ✓ packages/img/src/task-memory.test.ts (29 tests) 957ms
 ✓ packages/commands/src/person-move.test.ts (1 test) 1808ms
   ✓ person move keeps one vacancy until strict fill and carries both photographic layers through develop  1808ms
 ✓ packages/render/src/provider-images/attempts.test.ts (5 tests) 3596ms
   ✓ valid PNG headers with corrupt compressed pixels never create an original artifact  969ms
   ✓ a rate-limit retry followed by transport rejection records observed requests without an invented image  649ms
   ✓ working conversion failure keeps the valid original and records a failed attempt  657ms
   ✓ an adapter that omits original capture cannot return a prepared paid success  658ms
   ✓ original registration failure stops normalization with a non-retryable retention diagnostic  661ms
 ✓ apps/cli/src/retouch-journey.test.ts (3 tests) 13133ms
   ✓ the built CLI retouches once, materializes lazily, and exports the current pixels  5664ms
   ✓ oriented uncropped retouch coordinates map into the current cropped rotation  4286ms
   ✓ a real orientation-6 import uses its persisted oriented coordinate space  3182ms
 ✓ packages/render/src/artifacts/artifact-publication.test.ts (17 tests) 264ms
 ✓ packages/library/src/identity-collision.test.ts (4 tests) 2760ms
   ✓ sample-key collisions promote both files and preserve distinct stable IDs  881ms
   ✓ an offline unpromoted candidate never absorbs a sampled-key collision  643ms
   ✓ a missing locator is relocation only on its confirmed-online volume  619ms
   ✓ an exact unpromoted locator accepts stable mtime and refuses replacement in place  616ms
 ✓ apps/cli/src/export-integrity.test.ts (8 tests) 30511ms
   ✓ export falls back when linked bytes change without an mtime change  2341ms
   ✓ export accepts matching linked content after an mtime-only touch  8068ms
   ✓ export tries later catalogued locators when the first source is gone  8542ms
   ✓ a corrupt pinned preview returns the stable offline envelope  2450ms
   ✓ a changed online source falls back to the pinned preview with a warning  2171ms
   ✓ a destination write failure returns a stable volume error envelope  1984ms
   ✓ an all-failed heterogeneous export is partial regardless of input order  2949ms
   ✓ an all-failed homogeneous export retains the shared error code  2006ms
 ✓ apps/cli/src/embed-drain.test.ts (1 test) 28354ms
   ✓ rate p95 stays within 2x warm show p50 while thirty embedding batches drain  28353ms
 ✓ packages/importer/src/cache.test.ts (8 tests) 137ms
 ✓ packages/importer/src/cache-prune.test.ts (5 tests) 25ms
 ✓ packages/commands/src/export-protection.test.ts (13 tests) 11222ms
   ✓ export overwrite preserves the self catalog original  1255ms
   ✓ export overwrite preserves the other catalog original  1001ms
   ✓ export overwrite preserves the copied catalog original  765ms
   ✓ export overwrite preserves the file-alias catalog original  724ms
   ✓ export overwrite preserves the directory-alias catalog original  876ms
   ✓ export overwrite preserves the missing catalog original  872ms
   ✓ export overwrite preserves the companion catalog original  1480ms
   ✓ export overwrite preserves the prior-volume catalog original  845ms
   ✓ export overwrite preserves the recreated-mount catalog original  703ms
   ✓ delivery overwrite ignores absent mounts but not lookup failures: false  712ms
   ✓ delivery overwrite ignores absent mounts but not lookup failures: true  664ms
   ✓ delivery overwrite ignores absent mounts but not lookup failures: EACCES  666ms
   ✓ delivery overwrite ignores absent mounts but not lookup failures: EIO  658ms
 ✓ packages/commands/src/retouch.test.ts (3 tests) 2734ms
   ✓ retouch resolves normalized geometry and exact retries without eager pixels  1077ms
   ✓ retouch uses oriented photographic support and rejects invalid target geometry  898ms
   ✓ an authored retouch retry survives a hiding crop while a fresh excluded circle is rejected  759ms
 ✓ packages/commands/src/fill-upscale-failure.test.ts (8 tests) 7156ms
   ✓ fill upscale failure retention > upscale capture persistence failure aborts the fill without discarding its earlier paid original  1145ms
   ✓ fill upscale failure retention > transport-failure keeps generation active without publishing an upscale node  920ms
   ✓ fill upscale failure retention > wrong-aspect keeps generation active without publishing an upscale node  817ms
   ✓ fill upscale failure retention > too-small keeps generation active without publishing an upscale node  797ms
   ✓ fill upscale failure retention > corrupt keeps generation active without publishing an upscale node  768ms
   ✓ fill upscale failure retention > retry reports the source context pinned to the reused generation  894ms
   ✓ fill upscale failure retention > a changed instruction is not mistaken for an upscale-only retry  964ms
   ✓ fill upscale failure retention > a noncanonical composite is not mistaken for an upscale-only retry  849ms
 ✓ packages/commands/src/preview-export-hash.test.ts (4 tests) 3183ms
   ✓ a preview and following export identify the same snapped render state (broken progress: false)  1025ms
   ✓ a preview and following export identify the same snapped render state (broken progress: true)  753ms
   ✓ export evaluates the snapped output node to a canonical artifact  701ms
   ✓ export consumes the active global develop node  703ms
 ✓ packages/commands/src/graph.test.ts (2 tests) 1672ms
   ✓ graph show and node expose bounded full-identity records  952ms
   ✓ graph show pages a layer content and mask graph with a revision-and-layer-bound cursor  719ms
 ✓ packages/render/src/fill/density.test.ts (9 tests) 2ms
 ✓ packages/library/src/xmp/write.test.ts (7 tests) 24ms
 ✓ packages/render/src/artifacts/availability.test.ts (4 tests) 2781ms
   ✓ encoded PNG publication shares orphan discovery and registration  837ms
   ✓ reconciliation invalidates legacy display artifacts  611ms
   ✓ reconciliation recognizes canonical masks and rejects corrupt mask bytes  591ms
   ✓ retention follows disabled layer content and masks as immutable revision roots  741ms
 ✓ packages/render/src/export/delivery.test.ts (7 tests) 130ms
 ✓ packages/commands/src/generate-upscale-consumers.test.ts (2 tests) 2599ms
   ✓ standalone upscale at 8 pixels survives show, replaced develop and export without replay  1562ms
   ✓ standalone upscale at 9 pixels survives show, replaced develop and export without replay  1036ms
 ✓ packages/render/src/preview-resampler.test.ts (3 tests) 143ms
 ✓ apps/cli/src/human-output.test.ts (8 tests) 8050ms
   ✓ a mixed batch renders one row per input and the aggregate summary  2599ms
   ✓ human output includes envelope warnings without changing success  2653ms
   ✓ --human leaves daemon NDJSON events on stderr  1991ms
 ✓ apps/cli/src/markup-journey.test.ts (1 test) 6460ms
   ✓ the built CLI flattens markup lazily and removing the item restores exact prior pixels  6459ms
 ✓ packages/commands/src/reimport-idempotent.test.ts (4 tests) 3076ms
   ✓ recursive import admits content-probed unknown extensions and relocates idempotently  1087ms
   ✓ copy imports use the stable internal-library volume after the source disappears  714ms
   ✓ daemon import forwards progress before its terminal envelope without retaining it  1262ms
 ✓ packages/commands/src/reimagine-layer.test.ts (1 test) 1433ms
   ✓ reimagine adds a lazy full-frame layer and removing it restores the prior render  1432ms
 ✓ packages/commands/src/fill-controls.test.ts (2 tests) 2980ms
   ✓ fill repeat and refresh retain immutable reference/init intent ('photoctl/fake-image-edit-v1')  1656ms
   ✓ fill repeat and refresh retain immutable reference/init intent ('fixture/unsupported-controls')  1324ms
 ✓ packages/commands/src/export-template.test.ts (2 tests) 2542ms
   ✓ export applies a library preset, lets CLI options override it, resolves collisions, and records writes  1393ms
   ✓ a truncated skipped JPEG becomes a per-item failure and the batch continues  1148ms
 ✓ packages/render/src/develop/develop-dict.test.ts (10 tests) 8ms
 ✓ packages/commands/src/reimagine-upscale-fallback.test.ts (5 tests) 4348ms
   ✓ full-frame upscale-only refresh preserves generation and retains the last successful upscale on failure  1190ms
   ✓ reimagine keeps successful generation active when density matching fails  783ms
   ✓ reimagine leaves the active revision unchanged when generation geometry is invalid  792ms
   ✓ reimagine accepts a reduced pinned source and targets the authored viewport density  826ms
   ✓ progress delivery failure cannot override a committed reimagine  756ms
 ✓ apps/cli/src/relight-journey.test.ts (1 test) 5402ms
   ✓ the built CLI relights lazily through the full-frame owner and removal restores exact pixels  5402ms
 ✓ packages/render/src/graph/canvas-support.test.ts (11 tests) 4ms
 ✓ apps/cli/src/reimagine-journey.test.ts (1 test) 5958ms
   ✓ the built CLI reimagines lazily at base density and removal restores exact prior pixels  5957ms
 ✓ packages/commands/src/relight.test.ts (5 tests) 4588ms
   ✓ relight validates every required control before provider work or revision change  1119ms
   ✓ relight accepts reduced input and removal restores the available original  867ms
   ✓ relight accepts cropped quarter-turn geometry and removal restores its viewport  858ms
   ✓ relight leaves the active revision unchanged when provider geometry is invalid  812ms
   ✓ zero intensity keeps current pixels while retaining a removable relight revision  930ms
 ✓ packages/commands/src/render.test.ts (2 tests) 2016ms
   ✓ render --linear exposes the active graph and one stop doubles linear mean  1161ms
   ✓ render --linear never replaces an existing destination or source locator  854ms
 ✓ packages/commands/src/fill-input-size.test.ts (2 tests) 3045ms
   ✓ fill caps provider inputs while full-res and refresh preserve the chosen sampling (cropped: false)  1752ms
   ✓ fill caps provider inputs while full-res and refresh preserve the chosen sampling (cropped: true)  1292ms
 ✓ apps/cli/src/gold-exam-dry.test.ts (1 test) 4466ms
   ✓ the keyless gold exam develops three people presets before exporting ten photos  4466ms
 ✓ packages/providers/src/mask-polarity-smoke.test.ts (5 tests) 6141ms
   ✓ keyed white-edits smoke saves the actual wire mask and uncomposited response without blessing it  3071ms
   ✓ keyed transparent-edits smoke saves the actual wire mask and uncomposited response without blessing it  2859ms
 ✓ apps/cli/src/auto-enhance.test.ts (1 test) 5415ms
   ✓ the built CLI applies one clamped auto-enhance batch and undo restores the prior develop  5415ms
 ✓ apps/cli/src/show-path.test.ts (3 tests) 10720ms
   ✓ show resolves an existing photo by absolute, relative and symlink paths without importing  2770ms
   ✓ show does not import unknown paths or confuse volume identity, and IDs retain offline access  5302ms
   ✓ show resolves library-owned originals after the external source disappears  2648ms
 ✓ apps/workbench/src/masks.test.ts (4 tests) 2704ms
   ✓ masks compares committed coverage with identified cached develop pixels (crop/rotate/offline=false)  1458ms
   ✓ masks compares committed coverage with identified cached develop pixels (crop/rotate/offline=true)  1244ms
 ✓ packages/library/src/locators.test.ts (8 tests) 2141ms
   ✓ a unique photo ID prefix resolves to the full ID  854ms
   ✓ an ambiguous photo ID prefix is never resolved arbitrarily  606ms
   ✓ a photo prefix cannot inject SQL wildcard matching  673ms
 ✓ packages/render/src/graph/provider-events.test.ts (1 test) 985ms
   ✓ generate and upscale attempts emit distinct events and retain bounded redacted provenance  984ms
 ✓ packages/render/src/decoder.test.ts (6 tests) 3356ms
   ✓ LibRaw reports RAW compression and preserves A7C II camera pixels: 'a7c2-lossless-l.ARW'  1307ms
   ✓ LibRaw reports RAW compression and preserves A7C II camera pixels: 'a7c2-lossy.ARW'  1030ms
   ✓ LibRaw reports RAW compression and preserves A7C II camera pixels: 'a7c2.ARW'  974ms
 ✓ packages/render/src/graph/removal.test.ts (1 test) 924ms
   ✓ photo removal clears geometry checkpoints and layer history without touching another graph or shared artifacts  924ms
 ✓ apps/cli/src/camera-jpeg.test.ts (3 tests) 32807ms
   ✓ camera JPEG DSC07730.JPG retains metadata and upright pixels through import, offline preview and delivery  14936ms
   ✓ camera JPEG DSC09903.JPG retains metadata and upright pixels through import, offline preview and delivery  8686ms
   ✓ camera JPEG DSC08819.JPG retains metadata and upright pixels through import, offline preview and delivery  9184ms
 ✓ packages/render/src/develop/state.test.ts (2 tests) 1547ms
   ✓ develop compensation advances the base and reports stable layer ids without rewriting history  898ms
   ✓ white-balance compensation is bounded by the operator owner's temperature threshold  648ms
 ✓ packages/render/src/sam2-runtime.test.ts (4 tests) 306ms
 ✓ packages/commands/src/export-retained.test.ts (4 tests) 4457ms
   ✓ offline export uses verified current pixels and recovers from intact retained output  1374ms
   ✓ offline export uses verified current pixels and recovers from missing retained output  891ms
   ✓ offline export uses verified current pixels and recovers from corrupt retained output  1146ms
   ✓ offline export uses verified current pixels and recovers from obsolete retained output  1044ms
 ✓ packages/img/src/sam2.test.ts (5 tests) 27ms
 ✓ packages/commands/src/generate-strength.test.ts (10 tests) 3360ms
   ✓ generate records reference strength 0 as transmitted variation guidance  1378ms
   ✓ generate records reference strength 0.25 as transmitted variation guidance  1000ms
   ✓ generate records reference strength 1 as transmitted variation guidance  981ms
 ✓ packages/render/src/preview-coordinator.test.ts (4 tests) 151ms
 ✓ packages/providers/src/upscale/upscale-adapter.test.ts (10 tests) 13ms
 ✓ packages/render/src/markup/state.test.ts (2 tests) 2425ms
   ✓ markup is atomic with its revision and remains the output wrapper after later develop  1345ms
   ✓ retouch consumes the markup-free pixel output  1080ms
 ✓ packages/commands/src/auto-enhance.test.ts (2 tests) 2086ms
   ✓ a structured-provider failure leaves the active revision and develop state unchanged  1156ms
   ✓ undo consumes a no-op auto-enhance marker in a new immutable revision  929ms
 ✓ packages/commands/src/fill-provider-runtime.test.ts (4 tests) 13651ms
   ✓ the built CLI reaches the reserved instruction-composite profile through real HTTP  4291ms
   ✓ a fixture URL alone cannot bypass unverified native-mask safety  2732ms
   ✓ a wrong-aspect fixture response leaves the active revision unchanged  3276ms
   ✓ a reported whole-frame fixture response leaves the active revision unchanged  3352ms
 ✓ packages/providers/src/embed-shape-smoke.test.ts (4 tests) 117ms
 ✓ packages/library/src/backup.test.ts (5 tests) 1043ms
   ✓ a backup is a restorable SQL file and an automatic retry inside five minutes reuses it  1005ms
 ✓ apps/cli/src/offline-preview.test.ts (3 tests) 8239ms
   ✓ every accepted file image has the same source-independent offline JPEG preview  3618ms
   ✓ copy imports preserve the same contract from a library-owned original  2134ms
   ✓ reimport repairs a corrupt file-image preview  2487ms
 ✓ apps/cli/src/concurrency-race.test.ts (2 tests) 11952ms
   ✓ eight real clients append every requested tag without losing a row  9073ms
   ✓ queue overflow fails loudly and commits every accepted batch in full  2878ms
 ✓ packages/commands/src/remove-generated.test.ts (1 test) 1479ms
   ✓ removing one generated photo preserves shared originals and the other photo without provider replay  1478ms
 ✓ apps/cli/src/crop.test.ts (1 test) 3184ms
   ✓ public crop auto levels a visible horizon without modifying the original  3183ms
 ✓ packages/providers/src/provider-unconfigured.test.ts (7 tests) 4ms
 ✓ packages/img/src/highlight-reconstruction.test.ts (5 tests) 16178ms
   ✓ source probe plans the same effective method as actual native decode  2087ms
   ✓ explicit native reconstruction removes candle false color without replacing RAW headroom  3456ms
   ✓ native reconstruction preserves real orange light detail and reliable scene samples exactly  2908ms
   ✓ reconstruction runs on native neighborhoods before both reductions, without a second WB  6148ms
   ✓ disabled reconstruction keeps camera-space and its scaled front exactly; reduced RGB is honest  1578ms
 ✓ packages/commands/src/generate-negative.test.ts (4 tests) 1810ms
   ✓ generate records negative guidance and the actual transmitted prompt (reference=false)  1012ms
   ✓ generate records negative guidance and the actual transmitted prompt (reference=true)  796ms
 ✓ apps/cli/src/generate-journey.test.ts (1 test) 3032ms
   ✓ the built CLI generates, imports, tags, and lazily previews a canonical photo  3032ms
 ✓ packages/render/src/fill/upscale-policy.test.ts (6 tests) 2ms
 ✓ apps/cli/src/stream.test.ts (2 tests) 2850ms
   ✓ list --stream writes each row as bare NDJSON without the daemon  1493ms
   ✓ list --stream writes each row as bare NDJSON through the daemon  1356ms
 ✓ packages/providers/src/image-controls.test.ts (3 tests) 28ms
 ✓ packages/commands/src/undo.test.ts (1 test) 1274ms
   ✓ undo preserves a generated initial root and atomically restores markup and layer snapshots  1274ms
 ✓ packages/commands/src/source-treatment.test.ts (1 test) 13044ms
   ✓ ordinary RAW rendering uses the measured native treatment while an untouched overview stays cheap  13043ms
 ✓ apps/cli/src/undo.test.ts (1 test) 3934ms
   ✓ public undo restores the previous edit pixels and stops at the original image  3933ms
 ✓ packages/render/src/linear-tiff-profile.test.ts (1 test) 5ms
 ✓ packages/render/src/graph/inspection.test.ts (2 tests) 1466ms
   ✓ history pagination is bounded, duplicate-free, and remains bound to its starting revision  899ms
   ✓ cursor structure is validated before it reaches database casts  567ms
 ✓ packages/commands/src/markup.test.ts (1 test) 1033ms
   ✓ markup add/list/update/remove/clear round-trips strict vector items  1033ms
 ✓ packages/commands/src/import.test.ts (2 tests) 2072ms
   ✓ copy import catalogs an already-in-place original without duplicating it on repeat  989ms
   ✓ reimport restores a missing cache index without rewriting a valid preview  1082ms
 ✓ packages/library/src/lock.test.ts (2 tests) 438ms
   ✓ concurrent contenders cannot both reclaim one dead holder  409ms
 ✓ packages/commands/src/xmp-read.test.ts (1 test) 1172ms
   ✓ XMP seeds cull state once, then PGlite edits win on re-import  1171ms
 ✓ apps/cli/src/filter.test.ts (1 test) 7495ms
   ✓ public filter shares develop state, repeat behavior and undo  7495ms
Traceback (most recent call last):
  File "/workspace/fixtures/tools/manifest.py", line 74, in <module>
    raise ValueError("image SHA-256 changed or was not pinned; review and remove the old manifest before regenerating")
ValueError: image SHA-256 changed or was not pinned; review and remove the old manifest before regenerating
 ✓ fixtures/tools/manifest.test.ts (7 tests) 2082ms
   ✓ fixture manifest > regenerating measured facts preserves authored provenance and decoder expectations  976ms
   ✓ fixture manifest > refuses to carry image-specific annotations onto changed image bytes  946ms
 ✓ packages/library/src/cache-index.test.ts (3 tests) 2237ms
   ✓ cache index orders eviction by last use and conditionally claims only old unpinned rows  934ms
   ✓ cache paths remain scoped to whichever cache root is active  641ms
   ✓ cache eviction candidates page through stable LRU boundaries  661ms
 ✓ packages/render/src/mask-kernels.test.ts (5 tests) 6ms
 ✓ packages/commands/src/daemon-client.test.ts (10 tests) 2ms
 ✓ packages/commands/src/develop-format-matrix.test.ts (1 test) 7894ms
   ✓ develop renders whole-file, embedded-container, and extensionless inputs  7894ms
 ✓ packages/render/src/color.test.ts (6 tests) 18ms
 ✓ packages/library/src/models.test.ts (2 tests) 9ms
 ✓ packages/commands/src/restore-artifacts.test.ts (1 test) 2023ms
   ✓ restore marks a referenced canonical artifact unavailable when its file is missing  2023ms
 ✓ apps/cli/src/tag.test.ts (2 tests) 6329ms
   ✓ tag adds an exact value to every resolved photo  2925ms
   ✓ tag commits the found subset and remove is idempotent  3403ms
 ✓ packages/render/src/export/publication.test.ts (4 tests) 27ms
 ✓ apps/cli/src/fill-move-scale.test.ts (1 test) 4328ms
   ✓ built combined move-scale changes delivery and one undo restores the original  4328ms
 ✓ apps/cli/src/white-balance.test.ts (1 test) 5507ms
   ✓ built eyedropper neutralizes delivery pixels and shares explicit develop and undo  5507ms
 ✓ apps/cli/src/gold-exam-report.test.ts (1 test) 68ms
 ✓ packages/protocol/src/verbs/markup.test.ts (17 tests) 35ms
 ✓ packages/render/src/graph/canvas.test.ts (3 tests) 3ms
 ✓ fixtures/tools/probe-toast.test.ts (2 tests) 2409ms
   ✓ the TOAST probe records the tested workload and a write-strategy verdict  1147ms
   ✓ an unexpected database failure invalidates stale PASS evidence before exiting  1261ms
 ✓ packages/commands/src/cwd.test.ts (2 tests) 2106ms
   ✓ relative command paths resolve from the request working directory  1275ms
   ✓ doctor resolves a relative cache root from the request working directory  830ms
 ✓ packages/importer/src/exif.test.ts (4 tests) 51ms
 ✓ packages/commands/src/fill-upscale-runtime.test.ts (2 tests) 2475ms
   ✓ fill production upscale wiring > unconfigured runtime adapter preserves generation without sending pixels  1275ms
   ✓ fill production upscale wiring > persisted consent executes the runtime adapter without an injected registry  1198ms
 ✓ packages/render/src/sam2.test.ts (4 tests) 20ms
 ✓ packages/library/src/identity.test.ts (5 tests) 30ms
 ✓ apps/workbench/src/sheet.test.ts (2 tests) 1ms
 ✓ apps/cli/src/develop.test.ts (1 test) 3865ms
   ✓ the built CLI persists resolved develop state without rendering new pixels  3864ms
 ✓ packages/providers/src/adapters/embedding.test.ts (5 tests) 3ms
 ✓ packages/library/src/xmp/read.test.ts (4 tests) 5ms
 ✓ packages/render/src/highlight-treatment.test.ts (3 tests) 4346ms
   ✓ the RAW adapter reports the planned reconstruction and preserves explicit disabled pixels  3185ms
   ✓ incapable RAW and camera JPEG retain honest treatment: FileImageDecoder{ id: 'file' } DSC00103.JPG  987ms
 ✓ packages/img/src/supported-projection.test.ts (4 tests) 3ms
 ✓ packages/importer/src/embedded.test.ts (3 tests) 6ms
 ✓ packages/importer/src/formats.test.ts (5 tests) 28ms
test source checkout must be clean
 ✓ fixtures/export-sam2.test.ts (3 tests) 68ms
 ✓ apps/cli/src/decoder-libraw.test.ts (3 tests) 10920ms
   ✓ the built CLI decodes the LibRaw fixture: 'a7c2-lossless-l.ARW'  3794ms
   ✓ the built CLI decodes the LibRaw fixture: 'a7c2-lossy.ARW'  3645ms
   ✓ the built CLI decodes the LibRaw fixture: 'a7c2.ARW'  3480ms
 ✓ packages/render/src/coordinates.orientation.test.ts (25 tests) 3ms
 ✓ apps/cli/src/xmp.test.ts (1 test) 2653ms
   ✓ the built CLI exposes explicit xmp write and its typed batch result  2652ms
 ✓ packages/library/src/restore-journal.test.ts (4 tests) 9ms
 ✓ packages/render/src/source-render.test.ts (1 test) 7ms
 ✓ packages/library/src/restore-artifacts.test.ts (1 test) 2027ms
   ✓ restore replaces database state while preserving canonical artifacts and library-owned sources  2027ms
 ✓ packages/commands/src/graph-source.test.ts (1 test) 4518ms
   ✓ online RAW graph renders use the native whole-file decoder with full provenance  4518ms
 ✓ apps/cli/src/version-sync.test.ts (2 tests) 58ms
 ✓ fixtures/manifest.test.ts (3 tests) 444ms
 ✓ packages/commands/src/models-doctor.test.ts (1 test) 985ms
   ✓ doctor reports the ready SAM manifest and fetch refuses without a base URL  985ms
 ✓ packages/render/src/markup/flatten.test.ts (2 tests) 104ms
 ✓ apps/cli/src/cache-prune.test.ts (1 test) 1774ms
   ✓ cache prune applies an explicit byte budget through the built CLI  1774ms
 ✓ packages/commands/src/provider-doctor.test.ts (1 test) 1080ms
   ✓ doctor reports fixed and library-overridden provider ids without exposing credentials  1080ms
 ✓ packages/img/src/white-balance.test.ts (2 tests) 3ms
 ✓ packages/protocol/src/hash-protocol.test.ts (1 test) 2ms
 ✓ packages/render/src/libraw-scene.test.ts (2 tests) 2161ms
   ✓ LibRaw scene output preserves resize-before-camera-front pixels and canonical metadata  2159ms
 ✓ packages/commands/src/progress.test.ts (2 tests) 1006ms
   ✓ stop during an asynchronous report does not schedule another interval  1002ms
 ✓ packages/render/src/graph/projection.test.ts (1 test) 4ms
 ✓ packages/protocol/src/verbs/relight.test.ts (1 test) 4ms
 ✓ packages/render/src/export/collision.test.ts (2 tests) 14ms
 ✓ packages/render/src/sam2-frame.test.ts (1 test) 56ms
 ✓ packages/library/src/open.test.ts (2 tests) 2440ms
   ✓ a library opens with durable Postgres settings  1380ms
   ✓ migration failures become a stable catalog error  1059ms
 ✓ apps/cli/src/fresh-open.test.ts (1 test) 1431ms
   ✓ eight fresh init processes create one migrated library without a leaked lock  1431ms
 ✓ apps/workbench/src/oracle.test.ts (4 tests) 9ms
 ✓ packages/test-harness/src/gateway-fixture.test.ts (1 test) 22ms
 ✓ packages/providers/src/model-table.test.ts (4 tests) 3ms
 ✓ packages/importer/src/scan.test.ts (1 test) 7ms
 ✓ packages/providers/src/prompts/upscale.test.ts (1 test) 1ms
 ✓ packages/commands/src/errors.test.ts (8 tests) 1ms
 ✓ packages/protocol/src/frames.test.ts (2 tests) 22ms
 ✓ packages/render/src/develop/stats.test.ts (2 tests) 2ms
 ✓ packages/render/src/export/template.test.ts (2 tests) 2ms
 ✓ packages/render/src/linear-tiff.test.ts (1 test) 4ms
 ✓ packages/library/src/trash.test.ts (1 test) 3ms
 ✓ packages/providers/src/cost.test.ts (3 tests) 1ms
 ✓ fixtures/tools/drive.test.ts (1 test) 46ms
 ✓ packages/test-harness/src/spawn.test.ts (1 test) 17ms
 ✓ packages/render/src/transforms.test.ts (1 test) 1ms
 ✓ packages/importer/src/pipeline.test.ts (1 test) 61ms
 ✓ packages/test-harness/src/harness-self.test.ts (1 test) 177ms
 ✓ packages/providers/src/relight-template.test.ts (1 test) 1ms
 ✓ packages/library/src/search/rrf.test.ts (2 tests) 1ms
 ✓ apps/cli/src/cli-version.test.ts (2 tests) 215ms
 ✓ apps/cli/src/output.test.ts (1 test) 1ms
 ✓ packages/render/src/fill/external-pixels.test.ts (1 test) 3ms
 ✓ apps/cli/src/full-frame-journey.test.ts (1 test) 9876ms
   ✓ built CLI preserves full-frame source promotion and explicit refresh lifecycle  9875ms
 ✓ packages/protocol/src/envelope.test.ts (4 tests) 1ms
 ✓ apps/cli/src/outpaint-journey.test.ts (3 tests) 35499ms
   ✓ built CLI preserves outpaint pixels through repeat, removal, undo, refresh and offline export: 'cropped-away support'  12176ms
   ✓ built CLI preserves outpaint pixels through repeat, removal, undo, refresh and offline export: 'outside original support'  12386ms
   ✓ cold offline outpaint retains its native border and promotes original detail after reconnect  10935ms
 ✓ apps/cli/src/paired-originals-journey.test.ts (2 tests) 36091ms
   ✓ built CLI preserves unequal RAW/JPEG originals through editing, delivery and offline access: --link  17714ms
   ✓ built CLI preserves unequal RAW/JPEG originals through editing, delivery and offline access: --copy  18376ms
 ✓ apps/cli/src/agent-preview-loop.test.ts (1 test) 36521ms
   ✓ the built CLI keeps agent previews current through fill, opacity, retouch, generative, and markup revisions  36520ms

 Test Files  201 passed (201)
      Tests  1097 passed (1097)
   Start at  05:50:31
   Duration  1123.11s (transform 2.30s, setup 0ms, collect 20.28s, tests 1086.51s, environment 12ms, prepare 4.14s)


 RUN  v3.2.7 /workspace

 ✓ test/model-runtime/native-load.test.ts (2 tests) 4477ms
   ✓ the packed platform addon loads quietly outside the checkout  4462ms
 ✓ test/model-runtime/segment-at.test.ts (1 test) 18499ms
   ✓ real SAM selects the clicked photographic subject within independently authored bands  18498ms

 Test Files  2 passed (2)
      Tests  3 passed (3)
   Start at  06:09:14
   Duration  23.75s (transform 363ms, setup 0ms, collect 615ms, tests 22.98s, environment 0ms, prepare 46ms)

$ if [ "$(uname -s)" = Darwin ]; then swift build --package-path helpers/mac && node scripts/package-helper.mjs; else echo 'Swift build skipped (non-macOS)'; fi
[0/1] Planning build
Building for debugging...
[0/3] Write swift-version--1AB21518FC5DEDBE.txt
Build complete! (0.10s)
packages/mac-helper-darwin-arm64/photoctl-mac: replacing existing signature

 RUN  v3.2.7 /Users/david/dev/photoctl

 ✓ test/macos/packed-install.test.ts (9 tests) 172165ms
   ✓ packed CLI starts its daemon and finds both packaged decoders outside the checkout  80766ms
   ✓ packed CLI preserves RAW-led pairs and explicit camera-JPEG access: --link  9835ms
   ✓ packed CLI preserves RAW-led pairs and explicit camera-JPEG access: --copy  9650ms
   ✓ packed CLI preserves the complete fake-generation and preview journey  25286ms
   ✓ packed CLI preserves outpaint pixels through the complete keyless lifecycle: 'cropped-away support'  10233ms
   ✓ packed CLI preserves outpaint pixels through the complete keyless lifecycle: 'outside original support'  9709ms
   ✓ cold offline outpaint retains its native border and promotes original detail after reconnect  9044ms
   ✓ packed CLI preserves full-frame source promotion and explicit refresh lifecycle  7675ms
 ✓ test/macos/decoder-oracle.test.ts (2 tests) 15513ms
   ✓ the public workbench proves CIRAW and LibRaw agree within G4: undefined  8482ms
   ✓ the public workbench proves CIRAW and LibRaw agree within G4: disabled  7030ms
 ❯ test/model-runtime/segment-at.test.ts (1 test | 1 failed) 3ms
   × real SAM selects the clicked photographic subject within independently authored bands 2ms
     → Set PHOTOCTL_SAM_MODELS_DIR to the hash-pinned exported ONNX directory: expected undefined to be truthy
 ✓ test/macos/daemon-performance.test.ts (1 test) 7049ms
   ✓ a warm daemon serves show with p50 below 250 ms  7048ms
 ✓ test/model-runtime/native-load.test.ts (2 tests) 2207ms
   ✓ the packed platform addon loads quietly outside the checkout  2181ms
 ✓ test/macos/decoder-ciraw.test.ts (1 test) 1920ms
   ✓ CIRAW decodes the committed camera file deterministically without presentation edits  1919ms
 ✓ test/macos/linkage.test.ts (1 test) 354ms
   ✓ linkage audit accepts a dylib's own build ID but rejects an external build dependency  353ms

⎯⎯⎯⎯⎯⎯⎯ Failed Tests 1 ⎯⎯⎯⎯⎯⎯⎯

 FAIL  test/model-runtime/segment-at.test.ts > real SAM selects the clicked photographic subject within independently authored bands
AssertionError: Set PHOTOCTL_SAM_MODELS_DIR to the hash-pinned exported ONNX directory: expected undefined to be truthy

- Expected: 
true

+ Received: 
undefined

 ❯ test/model-runtime/segment-at.test.ts:14:5
     12|     models,
     13|     "Set PHOTOCTL_SAM_MODELS_DIR to the hash-pinned exported ONNX dire…
     14|   ).toBeTruthy();
       |     ^
     15|   await withLibrary(async (parent) => {
     16|     const library = join(parent, "library");

⎯⎯⎯⎯⎯⎯⎯⎯⎯⎯⎯⎯⎯⎯⎯⎯⎯⎯⎯⎯⎯⎯⎯⎯[1/1]⎯


 Test Files  1 failed | 6 passed (7)
      Tests  1 failed | 16 passed (17)
   Start at  13:09:40
   Duration  201.03s (transform 346ms, setup 0ms, collect 1.11s, tests 199.21s, environment 0ms, prepare 173ms)

